year,syndicate,feature,people,frequency,notes,source_item_id
1924,Bell Syndicate,Cross Word Puzzles (2 col.; 1 col. solution),Various,twice a week,"syndicate assigned by column order; Bell ad in same issue offers ""Two Crackerjack Puzzle Services""",sim_editor-publisher_1924-10-25_57_22
1924,International Syndicate (Baltimore),Cross Word Puzzles (2 col.),Various,daily,syndicate assigned by column order; E&P 1924-10-18 reported International adding a daily cross word puzzle,sim_editor-publisher_1924-10-25_57_22
1924,King Features Syndicate,Cross-Word Puzzle (with solutions; mats of diagrams),,daily,syndicate assigned by column order,sim_editor-publisher_1924-10-25_57_22
1924,Ledger Syndicate,Cross Word Celebrities (cross word puzzle mat),"O. E. ? (OCR ""O. E. Urithtii"")",weekly,syndicate assigned by column order (OCR splits feature and syndicate columns); author name garbled,sim_editor-publisher_1924-10-25_57_22
1924,Ledger Syndicate,Cross Word Puzzle (mat),Walter B. Gibson,daily,"syndicate assigned by column order; Ledger ad on p.~27 offers a cross-word puzzle, ""Seven Releases Per Week""",sim_editor-publisher_1924-10-25_57_22
1924,McClure Newspaper Syndicate,Cross Word Puzzle with solution (2 col. panel),K. H. T.,daily,syndicate assigned by column order,sim_editor-publisher_1924-10-25_57_22
1924,Metropolitan Newspaper Service,"Cross Word Puzzles (2 col. puzzles, 1 col. answers; 3 and 4 col.)",,daily or weekly,"syndicate assigned by column order; Metropolitan ad: ""From the expert originators of the Cross Word Puzzle Book""",sim_editor-publisher_1924-10-25_57_22
1924,New York Herald Tribune Syndicate,Crossword Puzzle (with solution),,Sunday?,"frequency code OCR ""(8)"", probably (S); syndicate assigned by column order",sim_editor-publisher_1924-10-25_57_22
1924,New York World Syndicate,Cross Word Puzzle (with solution),World Staff,,syndicate assigned by column order,sim_editor-publisher_1924-10-25_57_22
1925,Bell Syndicate,"Puzzle, Cross Word",,daily and Sunday,"2 col.; OCR ""(d A S)""; Bell ad in issue: ""CRISS-X-WORD PUZZLES""",sim_editor-publisher_1925-07-18_58_8
1925,Central Press Association,"Puzzles, Cross Word, Children's Pictorial",,daily,1 col.,sim_editor-publisher_1925-07-18_58_8
1925,Chicago Tribune Syndicate,"Puzzles, Cross Word",Miscellaneous,weekly,,sim_editor-publisher_1925-07-18_58_8
1925,George Matthew Adams Service,"Puzzles, Cross Word",William Stevens,daily,,sim_editor-publisher_1925-07-18_58_8
1925,Graphic Syndicate,"Puzzles, Cross Word",J. W. White,,,sim_editor-publisher_1925-07-18_58_8
1925,International Syndicate (Baltimore),"Puzzles, Cross-Word",Various,daily and weekly,2 col.,sim_editor-publisher_1925-07-18_58_8
1925,King Features Syndicate,"Puzzles, Cross Word",J. C. Boyd,daily,2 col.,sim_editor-publisher_1925-07-18_58_8
1925,Ledger Syndicate,"Puzzles, Cross Word",Walter B. Gibson,daily,2 col.,sim_editor-publisher_1925-07-18_58_8
1925,McClure Newspaper Syndicate,"Puzzles, Cross Word","R. H. Tingley (OCR ""K. 11. Tingley"")",daily,2 col.,sim_editor-publisher_1925-07-18_58_8
1925,Metropolitan Newspaper Service,"Puzzles, Cross Word",Various,daily and weekly,,sim_editor-publisher_1925-07-18_58_8
1925,National Newspaper Service,"Puzzles, Cross Word Picture","L. S. Edwards (OCR ""L. 8. Edwards"")",daily,2 col.,sim_editor-publisher_1925-07-18_58_8
1925,New York Herald Tribune Syndicate,"Puzzles, Cross Word",,daily,,sim_editor-publisher_1925-07-18_58_8
1925,New York World Syndicate,Cross Words (display ad),The World Editors,daily; two on Sunday,"from an ad in the directory issue, not a directory listing: ""A daily cross word - two Sunday cross words - by The World Editors""",sim_editor-publisher_1925-07-18_58_8
1926,Associated Newspapers,Puzzles (Cross Word),,daily,,sim_editor-publisher_1926-06-05_59_2
1926,Bell Syndicate,Puzzles (Cross Word),,daily,2 col.,sim_editor-publisher_1926-06-05_59_2
1926,Graphic Syndicate,Cross Word Puzzle,,daily,2 col.,sim_editor-publisher_1926-06-05_59_2
1926,International Syndicate (Baltimore),Cross Word Puzzles,Various,daily,2 col.,sim_editor-publisher_1926-06-05_59_2
1926,King Features Syndicate,Cross Word Puzzles,J. C. Boyd,daily,2 col.,sim_editor-publisher_1926-06-05_59_2
1926,Ledger Syndicate,Cross Word Puzzles,Walter B. Gibson,daily,2 col.,sim_editor-publisher_1926-06-05_59_2
1926,McClure Newspaper Syndicate,Cross Word Puzzles,Richard Tingley,daily,,sim_editor-publisher_1926-06-05_59_2
1926,New York Herald Tribune Syndicate,Cross Word Puzzles,,daily and Sunday?,"frequency OCR ""(d-i)""",sim_editor-publisher_1926-06-05_59_2
1926,Premier Syndicate,Cross Word Puzzles,,weekly,3 and 4 col.,sim_editor-publisher_1926-06-05_59_2
1926,Star Newspaper Service,Cross Word Puzzles,,daily,2 col.,sim_editor-publisher_1926-06-05_59_2
1927,Bell Syndicate,"Puzzles, Cross Word",,daily and weekly?,"frequency OCR ""(dw)""",sim_editor-publisher_1927-08-27_60_14
1927,International Syndicate (Baltimore),"Puzzles, Cross Word",,daily,2 col.,sim_editor-publisher_1927-08-27_60_14
1927,King Features Syndicate,"Puzzles, Cross Word",,daily,,sim_editor-publisher_1927-08-27_60_14
1927,Ledger Syndicate,"Puzzles, Cross Words",Walter B. Gibson,daily,"size OCR ""(8)"", probably 2 col.",sim_editor-publisher_1927-08-27_60_14
1927,Payne Syndicate,"Puzzles, Cross Word",,daily,"size OCR ""(8)""",sim_editor-publisher_1927-08-27_60_14
1927,Premier Syndicate,"Puzzles, Cross Word",,weekly,"size OCR ""(8)""",sim_editor-publisher_1927-08-27_60_14
1928,Associated Newspapers,Crossword Puzzles,,daily,PUZZLES section OCR badly garbled (dotted leaders); titles inferred; E&P's own commentary in this issue says 11 syndicates had crossword puzzle series,sim_editor-publisher_1928-08-25_61_14
1928,Bell Syndicate,Crossword,,daily and weekly,2 col. mat,sim_editor-publisher_1928-08-25_61_14
1928,Graphic Syndicate,Crossword Puzzles (title garbled),,,title OCR garbled; listed in PUZZLES section before dot puzzles,sim_editor-publisher_1928-08-25_61_14
1928,International Syndicate (Baltimore),Crossword Puzzles (title garbled),,,title OCR garbled,sim_editor-publisher_1928-08-25_61_14
1928,King Features Syndicate,Crossword Puzzles (title garbled),,,title OCR garbled,sim_editor-publisher_1928-08-25_61_14
1928,Ledger Syndicate,Crossword Puzzles,Walter B. Gibson,daily,"2 col.; syndicate column garbled, inferred from earlier and later years",sim_editor-publisher_1928-08-25_61_14
1928,McClure Newspaper Syndicate,Crossword Puzzles,Richard Tingley,daily,"2 col.; syndicate column garbled, inferred from earlier and later years",sim_editor-publisher_1928-08-25_61_14
1928,NEA Service,Crossword Puzzles (title garbled),,,title OCR garbled,sim_editor-publisher_1928-08-25_61_14
1928,Premier Syndicate,Crossword Puzzles (title garbled),,,title OCR garbled,sim_editor-publisher_1928-08-25_61_14
1929,Bell Syndicate,Crossword Puzzles,Various?,daily and weekly,2 col.; syndicate assigned by column order (OCR separates feature and syndicate columns),sim_editor-publisher_1929-08-31_62_15
1929,Graphic Syndicate,Crossword Puzzle,,daily,2 col.; syndicate assigned by column order (OCR separates feature and syndicate columns),sim_editor-publisher_1929-08-31_62_15
1929,International Syndicate (Baltimore),Cross-Word Puzzles,,daily,"2 col.; display ad only (Newspaper Features For 30 Years, 1899-1929)",sim_editor-publisher_1929-08-31_62_15
1929,King Features Syndicate,Crossword Puzzle,,daily,syndicate assigned by column order (OCR separates feature and syndicate columns),sim_editor-publisher_1929-08-31_62_15
1929,Ledger Syndicate,Crossword Puzzles,,daily,2 col.; syndicate assigned by column order (OCR separates feature and syndicate columns) (OCR reads Letter Syndicate),sim_editor-publisher_1929-08-31_62_15
1929,McClure Newspaper Syndicate,Crossword Puzzles,Richard H. Tingley,daily,2 col.; also listed as Puzzles - crossword,sim_editor-publisher_1929-08-31_62_15
1929,McClure Newspaper Syndicate,Crossword Puzzles (weekly),Richard H. Tingley,weekly,3 col.,sim_editor-publisher_1929-08-31_62_15
1929,NEA Service,Crossword Puzzle,,daily,syndicate assigned by column order (OCR separates feature and syndicate columns),sim_editor-publisher_1929-08-31_62_15
1929,New York Herald Tribune Syndicate,Crossword Puzzles,Staff,daily,2 col.; NYHT ad: DAILY CROSSWORD PUZZLES By Herald Tribune Staff,sim_editor-publisher_1929-08-31_62_15
1929,New York Herald Tribune Syndicate,Crossword Puzzles (weekly),Staff,weekly,1 tabloid page,sim_editor-publisher_1929-08-31_62_15
1929,New York World Syndicate,Crossword Puzzle,Staff,daily,2 col.,sim_editor-publisher_1929-08-31_62_15
1929,New York World Syndicate,Crossword Puzzles (Sunday),Staff,Sunday,4 col.,sim_editor-publisher_1929-08-31_62_15
1929,Premier Syndicate,Crossword Puzzles,,Sunday,3 col.; syndicate assigned by column order (OCR separates feature and syndicate columns),sim_editor-publisher_1929-08-31_62_15
1929,Republic Syndicate,Crossword Puzzle,Albertson,daily,,sim_editor-publisher_1929-08-31_62_15
1929,The Associated Newspapers,Crossword Puzzle,,daily,22 in.; syndicate assigned by column order (OCR separates feature and syndicate columns),sim_editor-publisher_1929-08-31_62_15
1929,United Feature Syndicate,Crossword Puzzle,Staff,daily,2 col.,sim_editor-publisher_1929-08-31_62_15
1930,Associated Newspapers,Cross Word Puzzles,,daily,1 col. and 2 col.; syndicate assigned by column order (OCR separates feature and syndicate columns),sim_editor-publisher_1930-08-30_63_15
1930,Associated Press Feature Service,Crossword Puzzles,J. Van Cleft Cooper,daily,2 col.; syndicate assigned by column order (OCR separates feature and syndicate columns),sim_editor-publisher_1930-08-30_63_15
1930,Bell Syndicate,Cross Word Puzzles,,daily and weekly,2 col.; syndicate assigned by column order (OCR separates feature and syndicate columns),sim_editor-publisher_1930-08-30_63_15
1930,Central Press Association,Crossword Puzzles,,daily,syndicate assigned by column order (OCR separates feature and syndicate columns),sim_editor-publisher_1930-08-30_63_15
1930,International Syndicate (Baltimore),Cross Word Puzzles (weekly),Staff,weekly,3 col.; syndicate assigned by column order (OCR separates feature and syndicate columns),sim_editor-publisher_1930-08-30_63_15
1930,International Syndicate (Baltimore),Cross-Word Puzzles,Staff,daily,2 col.; syndicate assigned by column order (OCR separates feature and syndicate columns),sim_editor-publisher_1930-08-30_63_15
1930,King Features Syndicate,Crossword Puzzles,,daily,syndicate assigned by column order (OCR separates feature and syndicate columns),sim_editor-publisher_1930-08-30_63_15
1930,Ledger Syndicate,Cross-Word Puzzles,,daily,2 col.; syndicate assigned by column order (OCR separates feature and syndicate columns),sim_editor-publisher_1930-08-30_63_15
1930,NEA Service,Crossword Puzzle,,daily,2 col.; syndicate assigned by column order (OCR separates feature and syndicate columns),sim_editor-publisher_1930-08-30_63_15
1930,New York Herald Tribune Syndicate,Crossword Puzzles,,daily,syndicate assigned by column order (OCR separates feature and syndicate columns),sim_editor-publisher_1930-08-30_63_15
1930,Premier Syndicate,Crossword Puzzles,,weekly,syndicate assigned by column order (OCR separates feature and syndicate columns),sim_editor-publisher_1930-08-30_63_15
1931,Associated Newspapers,Cross Word Puzzles,,daily,,sim_editor-publisher_1931-08-29_64_15
1931,Associated Press Feature Service,Cross-Word Puzzle,,,,sim_editor-publisher_1931-08-29_64_15
1931,Bell Syndicate,Cross Word Puzzles,,daily and weekly,2 col.,sim_editor-publisher_1931-08-29_64_15
1931,Central Press Association,Cross Word Puzzle,,daily,,sim_editor-publisher_1931-08-29_64_15
1931,International Syndicate (Baltimore),Cross-Word Puzzles,Staff,daily,2 col.; listed twice,sim_editor-publisher_1931-08-29_64_15
1931,International Syndicate (Baltimore),Cross-Word Puzzles (weekly),Staff,weekly,3 col.,sim_editor-publisher_1931-08-29_64_15
1931,King Features Syndicate,Cross Word Puzzles,,daily,2 col.; listed twice,sim_editor-publisher_1931-08-29_64_15
1931,McClure Newspaper Syndicate,Crossword Puzzles,R. H. Tingley,daily,2 col.,sim_editor-publisher_1931-08-29_64_15
1931,McClure Newspaper Syndicate,Crossword Puzzles (weekly),R. H. Tingley,weekly,3 col.,sim_editor-publisher_1931-08-29_64_15
1931,NEA Service,Crossword Puzzles,,daily,2 col.,sim_editor-publisher_1931-08-29_64_15
1931,New York Herald Tribune Syndicate,Cross Word Puzzles,,daily and weekly,NYHT ad: Daily Crossword Puzzles,sim_editor-publisher_1931-08-29_64_15
1931,Premier Syndicate,Cross Word Puzzles,,weekly,3 col.,sim_editor-publisher_1931-08-29_64_15
1931,The Independent Syndicate,Cross Word Puzzle,Frank Albertson,daily,2 col.,sim_editor-publisher_1931-08-29_64_15
1931,World Feature Service,Cross Word Puzzle,,daily,2 col.,sim_editor-publisher_1931-08-29_64_15
1931,World Feature Service,"Cross Word Puzzles (""Fi"")",,,"2 col.; frequency code OCR ""(Fi)""",sim_editor-publisher_1931-08-29_64_15
1933,Associated Newspapers,Cross Word Puzzles,,daily,"OCR ""Word Jhizries""",sim_editor-publisher_1933-08-26_66_15
1933,Associated Press Feature Service,Crossword Puzzles,J. V. Cooper,daily,2 col.,sim_editor-publisher_1933-08-26_66_15
1933,Bell Syndicate,Crossword Puzzles,,daily and weekly,2 col.,sim_editor-publisher_1933-08-26_66_15
1933,Central Press Association,Cross Word Puzzles,,daily,,sim_editor-publisher_1933-08-26_66_15
1933,International Syndicate (Baltimore),Crossword Puzzles,,daily,2 col.,sim_editor-publisher_1933-08-26_66_15
1933,NEA Service,Crossword Puzzles,,daily,2 col.,sim_editor-publisher_1933-08-26_66_15
1933,New York Herald Tribune Syndicate,Crossword Puzzles,Staff,daily,2 col.; NYHT ad: Daily Crossword Puzzles,sim_editor-publisher_1933-08-26_66_15
1933,New York Herald Tribune Syndicate,Crossword Puzzles (weekly),Staff,weekly,4 col.,sim_editor-publisher_1933-08-26_66_15
1933,Rapid Grip and Batten (Canada),Crossword Puzzles,Eugene Sheffer,daily,Canadian rights (C); 2 col.,sim_editor-publisher_1933-08-26_66_15
1933,The Independent Syndicate,Cross Word Puzzle,Ralph Albertson,daily,2 col.,sim_editor-publisher_1933-08-26_66_15
1933,United Feature Syndicate,Crossword Puzzles,Lars Morris,daily,listed twice,sim_editor-publisher_1933-08-26_66_15
1933,United Feature Syndicate,Crossword Puzzles (weekly),Selected,weekly,listed twice,sim_editor-publisher_1933-08-26_66_15
1934,Associated Press Feature Service,Crossword Puzzle,J. Van Cleft Cooper,daily,2 col.; syndicate assigned by column order (OCR separates feature and syndicate columns),sim_editor-publisher_1934-09-29_67_20
1934,Bell Syndicate,Cross Word Puzzles,,daily and weekly,2 col.; syndicate assigned by column order (OCR separates feature and syndicate columns),sim_editor-publisher_1934-09-29_67_20
1934,Chicago Tribune-New York News Syndicate,Crossword Puzzles,,daily and weekly,syndicate assigned by column order (OCR separates feature and syndicate columns),sim_editor-publisher_1934-09-29_67_20
1934,Epsilon Press Service (probable),X-Word and other puzzles,Staff,irregular,syndicate inferred from the 1937 listing,sim_editor-publisher_1934-09-29_67_20
1934,King Features Syndicate,Cross Word Puzzles,Eugene Sheffer,daily,2 col.; syndicate assigned by column order (OCR separates feature and syndicate columns),sim_editor-publisher_1934-09-29_67_20
1934,King Features Syndicate (probable),Premier Sunday Cross-Word Puzzle,,weekly,syndicate column truncated in OCR; probable,sim_editor-publisher_1934-09-29_67_20
1934,Ledger Syndicate,Diagramless Cross-Word Puzzle,Staff,weekly,2 col.; syndicate assigned by column order (OCR separates feature and syndicate columns); a Ledger ad in the same issue lists Diagramless Cross-Word Puzzles,sim_editor-publisher_1934-09-29_67_20
1934,Matz Unique Service,Cross Word Puzzles,F. X. Filers (OCR),daily,2 col.; syndicate assigned by column order (OCR separates feature and syndicate columns),sim_editor-publisher_1934-09-29_67_20
1934,Miller Services (Canada),Cross-Word Puzzles (daily and weekly),,daily; weekly,Canadian,sim_editor-publisher_1934-09-29_67_20
1934,New York Herald Tribune Syndicate,Daily Crossword Puzzles,,,NYHT display ad only,sim_editor-publisher_1934-09-29_67_20
1934,Nu-Way Features (probable),Franklin D. Roosevelt / George Washington / United States Jigsaw Crossword series,G. Melikov,"29, 25 and 30 daily releases",2 col.; three jigsaw crossword picture series; syndicate inferred from the 1937 listing,sim_editor-publisher_1934-09-29_67_20
1934,Rapid Grip and Batten (Canada),Cross Word Puzzles,Eugene Sheffer,daily,Canadian,sim_editor-publisher_1934-09-29_67_20
1934,The Associated Newspapers,Cross Word Puzzles,,daily,1-2 col.; syndicate assigned by column order (OCR separates feature and syndicate columns),sim_editor-publisher_1934-09-29_67_20
1934,The Independent Syndicate,Cross Word Puzzle,Staff,daily,2 col.; syndicate assigned by column order (OCR separates feature and syndicate columns),sim_editor-publisher_1934-09-29_67_20
1934,The International Syndicate,Crossword Puzzles,,daily,2 col.; syndicate assigned by column order (OCR separates feature and syndicate columns),sim_editor-publisher_1934-09-29_67_20
1934,United Feature Syndicate,Crossword Puzzles,Lars Morris,daily,2 col.; Canadian rights (C); syndicate assigned by column order (OCR separates feature and syndicate columns),sim_editor-publisher_1934-09-29_67_20
1934,United Feature Syndicate,Crossword Puzzles (weekly),Lars Morris,weekly,3 col.; Canadian rights (C); syndicate assigned by column order (OCR separates feature and syndicate columns),sim_editor-publisher_1934-09-29_67_20
1935,Associated Press Feature Service,Crossword Puzzle,J. Van Cleft Cooper,daily,"2 col.; syndicate assigned by column order (OCR separates feature and syndicate columns), anchored on adjacent Gibson/Ledger and Hart/Bell entries",sim_editor-publisher_1935-09-28_68_20
1935,Bell Syndicate,Crossword Puzzles,,daily and weekly,2 col.; syndicate assigned by column order (OCR separates feature and syndicate columns),sim_editor-publisher_1935-09-28_68_20
1935,Central Press Association,Crossword Puzzles,,daily,2 col.; syndicate assigned by column order (OCR separates feature and syndicate columns),sim_editor-publisher_1935-09-28_68_20
1935,Chicago Tribune-New York News Syndicate,Crossword Puzzles,,daily and weekly,2 col.; syndicate assigned by column order (OCR separates feature and syndicate columns),sim_editor-publisher_1935-09-28_68_20
1935,Dominion News Bureau (Canada),Crossword Puzzles,,daily and weekly,Canadian rights; syndicate assigned by column order (OCR separates feature and syndicate columns),sim_editor-publisher_1935-09-28_68_20
1935,King Features Syndicate,Crossword Puzzles,Eugene Sheffer?,daily,syndicate assigned by column order (OCR separates feature and syndicate columns); author column only partly aligned,sim_editor-publisher_1935-09-28_68_20
1935,Matz Features Syndicate,Crossword Puzzles,,daily,"size OCR ""4*""; syndicate assigned by column order (OCR separates feature and syndicate columns)",sim_editor-publisher_1935-09-28_68_20
1935,Miller Services (Canada),Crossword Puzzles (two or three listings),,daily; weekly,Canadian; syndicate assigned by column order (OCR separates feature and syndicate columns),sim_editor-publisher_1935-09-28_68_20
1935,NEA Service,Crossword Puzzles,,daily,"2 col.; syndicate assigned by column order (OCR separates feature and syndicate columns) (OCR dropped one row, so this may be off by one)",sim_editor-publisher_1935-09-28_68_20
1935,New York Herald Tribune Syndicate,Crossword Puzzles,,,NYHT display ad only,sim_editor-publisher_1935-09-28_68_20
1935,Nu-Way Features (probable),Roosevelt Crossword Picture Series; United States Jigsaw Crossword; George Washington Crossword series,G. Melikov,"29, 30 and 26 releases",2 col.,sim_editor-publisher_1935-09-28_68_20
1935,Rapid Grip and Batten (Canada),Crossword Puzzles,Eugene Sheffer?,daily,Canadian rights; syndicate assigned by column order (OCR separates feature and syndicate columns),sim_editor-publisher_1935-09-28_68_20
1935,The International Syndicate,Crossword Puzzles,,daily,2 col.; syndicate assigned by column order (OCR separates feature and syndicate columns),sim_editor-publisher_1935-09-28_68_20
1935,United Feature Syndicate,Crossword Puzzles,Lars Morris,daily,2 col.; syndicate assigned by column order (OCR separates feature and syndicate columns),sim_editor-publisher_1935-09-28_68_20
1935,United Feature Syndicate,Crossword Puzzles (weekly),Lars Morris,weekly,3 col.; syndicate assigned by column order (OCR separates feature and syndicate columns),sim_editor-publisher_1935-09-28_68_20
1937,Central Press Association,Crossword Puzzle,,daily,2 col.; Canadian rights (C),sim_editor-publisher_1937-09-25_70_38
1937,Chicago Tribune-New York News Syndicate,Crossword puzzles,,,display ad only,sim_editor-publisher_1937-09-25_70_38
1937,Epsilon Press Service,X-word Puzzles,Staff & Contributors,weekly,,sim_editor-publisher_1937-09-25_70_38
1937,King Features Syndicate,Movie Star Cross-Word Puzzle,,,the main crossword listing page was not found in this scan's OCR; only these entries survive,sim_editor-publisher_1937-09-25_70_38
1937,King Features Syndicate,Sunday Cross-Word Puzzle,,Sunday,,sim_editor-publisher_1937-09-25_70_38
1937,Matz Feature Syndicate,Puzzles (Cross-word),Raymond Flower,weekly,2 col.; syndicate assigned by column order (OCR separates feature and syndicate columns),sim_editor-publisher_1937-09-25_70_38
1937,Miller Services (Canada),Crossword Puzzles,,daily and weekly,Canadian,sim_editor-publisher_1937-09-25_70_38
1937,New York Herald Tribune Syndicate,Crossword Puzzles (daily); Puzzles - Crossword and Cryptograms (weekly),,daily; weekly,NYHT display ad only,sim_editor-publisher_1937-09-25_70_38
1937,Nu-Way Features,George Washington Jigsaw Crossword Puzzles,G. Melikov,25 releases,2 col. x 8 in.,sim_editor-publisher_1937-09-25_70_38
1937,Nu-Way Features,Roosevelt Jigsaw Crossword Puzzles,G. Melikov,20 releases,2 col. x 8 in.,sim_editor-publisher_1937-09-25_70_38
1937,Nu-Way Features,U. S. Jigsaw Crossword Puzzles,G. Melikov,30 releases,2 col. x 8 in.,sim_editor-publisher_1937-09-25_70_38
1937,unidentified,Geographical Crossword,,weekly,2 col.; syndicate column lost,sim_editor-publisher_1937-09-25_70_38
1938,Associated Newspapers,Cross Word Puzzles,,daily,"1 col. solution, 2 col. puzzle; code AN",sim_editor-publisher_1938-09-24_71_39
1938,Associated Press Feature Service,Crossword Puzzles,,daily,2 col. 8 in.; code AP,sim_editor-publisher_1938-09-24_71_39
1938,Bell Syndicate,Cross Word Puzzles,,daily and weekly,d 2 col.; w 4 col.; code BES,sim_editor-publisher_1938-09-24_71_39
1938,Central Press Association (King Features),Cross-Word Puzzle,,daily,code KFSC,sim_editor-publisher_1938-09-24_71_39
1938,Chicago Tribune-New York News Syndicate,Crossword,,daily and Sunday,code CTN; also code CP-N on a second listing,sim_editor-publisher_1938-09-24_71_39
1938,Dominion News Bureau (Canada),Crosswords,,daily and weekly,Canadian,sim_editor-publisher_1938-09-24_71_39
1938,International Syndicate (code INF/INT),Cross-Word Puzzles,,daily and weekly,d 2 col.; w 3 col.,sim_editor-publisher_1938-09-24_71_39
1938,King Features Syndicate,Cross Word Puzzles,"Eugene Sheffer (OCR ""Scheffer"")",daily,2 col.,sim_editor-publisher_1938-09-24_71_39
1938,King Features Syndicate,Movie Star Cross-Word Puzzle,,,,sim_editor-publisher_1938-09-24_71_39
1938,King Features Syndicate,Sunday Cross-Word Puzzle,,Sunday,3 col.,sim_editor-publisher_1938-09-24_71_39
1938,Ledger Syndicate,Cross-Word Puzzles,,daily and Sunday,2 and 3 col.; code LED,sim_editor-publisher_1938-09-24_71_39
1938,Miller Services (Canada),Cross-Word Puzzles (two listings),Various,daily and weekly,Canadian,sim_editor-publisher_1938-09-24_71_39
1938,NEA Service,Cross-Word Puzzles,,daily,2 col.,sim_editor-publisher_1938-09-24_71_39
1938,New York Herald Tribune Syndicate,Cross-Word Puzzles,Staff,daily and weekly,2-4 col.; code NHT,sim_editor-publisher_1938-09-24_71_39
1938,Rapid Grip and Batten (Canada),Cross Word Puzzles,Eugene Sheffer,daily,Canadian rights,sim_editor-publisher_1938-09-24_71_39
1938,United Feature Syndicate,Cross-Word Puzzles,Lars Morris,daily,"2 col.; code OCR ""1.'F.4""",sim_editor-publisher_1938-09-24_71_39
1938,United Feature Syndicate,Cross-Word Puzzles (Sunday),Various,Sunday,3 col.,sim_editor-publisher_1938-09-24_71_39
1939,Associated Newspapers,Cross Word Puzzles,,daily,"1 col. solution, 2 col. puzzle",sim_editor-publisher_1939-09-30_72_39
1939,Associated Press Feature Service,Cross-Word Puzzle,,daily,2 col.,sim_editor-publisher_1939-09-30_72_39
1939,Bell Syndicate,Cross Word Puzzles,,daily and weekly,d 2 col.; w 4 col.,sim_editor-publisher_1939-09-30_72_39
1939,"Bell Syndicate (code OCR ""BESD"")",Diagramless Crossword Puzzle,,daily,2 col.,sim_editor-publisher_1939-09-30_72_39
1939,Central Press Association (King Features),Crossword Puzzle,,daily,2 col.; code KFSC,sim_editor-publisher_1939-09-30_72_39
1939,Chicago Tribune-New York News Syndicate,Crossword Puzzles,,daily and Sunday,listed twice,sim_editor-publisher_1939-09-30_72_39
1939,code NAF (unidentified),Cross-Word Cartoon,Jim Ceders,daily,"2 col.; a cartoon panel, related but probably not a crossword grid",sim_editor-publisher_1939-09-30_72_39
1939,Dominion News Bureau (Canada),Crosswords,,daily and weekly,Canadian,sim_editor-publisher_1939-09-30_72_39
1939,King Features Syndicate,Cross Word Puzzles,"Eugene Sheffer (OCR ""Scheffer"")",daily,,sim_editor-publisher_1939-09-30_72_39
1939,King Features Syndicate,Sunday Cross-Word Puzzle,,Sunday,3 col.; code KFSI,sim_editor-publisher_1939-09-30_72_39
1939,Miller Services (Canada),Crossword Puzzles (two listings),,daily and weekly,Canadian,sim_editor-publisher_1939-09-30_72_39
1939,NEA Service,Cross-Word Puzzles,,daily,2 col.,sim_editor-publisher_1939-09-30_72_39
1939,New York Herald Tribune Syndicate,Crossword Puzzles,Staff,daily and weekly,2-4 col.,sim_editor-publisher_1939-09-30_72_39
1939,Rapid Grip and Batten (Canada),Cross Word Puzzles,Eugene Sheffer,daily,Canadian rights,sim_editor-publisher_1939-09-30_72_39
1939,The International Syndicate,Cross-Word Puzzles,,daily and weekly,3 col.,sim_editor-publisher_1939-09-30_72_39
1939,United Feature Syndicate,Crossword Puzzles,Lars Morris,daily,2 col.,sim_editor-publisher_1939-09-30_72_39
1939,United Feature Syndicate,Crossword Puzzles (Sunday),Various,Sunday,3 col.,sim_editor-publisher_1939-09-30_72_39
1940,Associated Newspapers,Cross Word Puzzles,,daily,1-2 col.; AN-DNB (C),sim_editor-publisher_1940-09-14_73_37
1940,Associated Press Feature Service,Cross-word puzzles,,daily,2 col.,sim_editor-publisher_1940-09-14_73_37
1940,Bell Syndicate,Cross Word Puzzles,,daily and weekly,d 2 col.; w 4 col.; BES-DNB (C),sim_editor-publisher_1940-09-14_73_37
1940,Bell Syndicate,Diagramless Crossword Puzzle,,daily,2 col.; BES-DNB (C),sim_editor-publisher_1940-09-14_73_37
1940,Chicago Tribune-New York News Syndicate,Crossword,,daily and Sunday,,sim_editor-publisher_1940-09-14_73_37
1940,King Features Syndicate,Cross Word Puzzles,Eugene Sheffer,daily,2 col.; KFS-RGB (C),sim_editor-publisher_1940-09-14_73_37
1940,King Features Syndicate,Sunday Cross-Word Puzzle,,Sunday,1.5-2 col.,sim_editor-publisher_1940-09-14_73_37
1940,NEA Service,Crossword Puzzle,Selected,daily,2 col.; NEA-DNB (C),sim_editor-publisher_1940-09-14_73_37
1940,New York Herald Tribune Syndicate,Crossword Puzzles,Staff,daily and weekly,2-4 col.; NHT-MIL (C),sim_editor-publisher_1940-09-14_73_37
1940,The International Syndicate,Cross-Word Puzzle,,daily and weekly,d 2 col.; w 3 col.,sim_editor-publisher_1940-09-14_73_37
1940,unidentified (code garbled),Crossword Puzzle,,daily,2 col.; code OCR unreadable (possibly Central Press/KFSC),sim_editor-publisher_1940-09-14_73_37
1940,"unidentified (code OCR ""LXF"")",Crossword Puzzle (weekly),,weekly,2 col.,sim_editor-publisher_1940-09-14_73_37
1940,United Feature Syndicate,Crossword Puzzles,Lars Morris,daily,2 col.,sim_editor-publisher_1940-09-14_73_37
1940,United Feature Syndicate,Crossword Puzzles (Sunday),Various,Sunday,3 col.,sim_editor-publisher_1940-09-14_73_37
1942,Associated Newspapers,Crossword Puzzle,,daily,"2 col., 1 col. solution; AN-DNB(C)",sim_editor-publisher_1942-09-19_75_38
1942,Bell Syndicate,Bell Crossword Puzzle,,daily and weekly,d 2 col.; w 3 col.; BES-DNB(C),sim_editor-publisher_1942-09-19_75_38
1942,Bell Syndicate,Diagramless puzzle,,daily,2 col.; BES-DNB(C),sim_editor-publisher_1942-09-19_75_38
1942,Central Press Association (King Features),Crossword Puzzle,,daily,2 col.; code KFSC,sim_editor-publisher_1942-09-19_75_38
1942,Chicago Tribune-New York News Syndicate,Crossword Puzzles,,daily and Sunday,,sim_editor-publisher_1942-09-19_75_38
1942,code WWF (unidentified),Cross-word Puzzles,,daily,2 col.,sim_editor-publisher_1942-09-19_75_38
1942,King Features Syndicate,Cross Word Puzzles,Eugene Sheffer,daily,2 col.; codes KFS-RGB(C),sim_editor-publisher_1942-09-19_75_38
1942,King Features Syndicate,Sunday Cross-Word Puzzle,,Sunday,1.5-2 col. (OCR),sim_editor-publisher_1942-09-19_75_38
1942,NEA Service,Crossword Puzzle,Selected,daily,2 col.; NEA-DNB(C),sim_editor-publisher_1942-09-19_75_38
1942,NEA Service,Crossword Puzzles,Staff,daily,2 col.; NEA-DNB(C),sim_editor-publisher_1942-09-19_75_38
1942,New York Herald Tribune Syndicate,Crossword Puzzles,Staff,daily and weekly,2-4 col.; NHT-MIL(C),sim_editor-publisher_1942-09-19_75_38
1942,The International Syndicate,Cross Word Puzzles,,daily and weekly,d 2 col.; w 3 col.,sim_editor-publisher_1942-09-19_75_38
1942,United Feature Syndicate,Crossword Puzzles,Lars Morris,daily,2 col.,sim_editor-publisher_1942-09-19_75_38
1945,AP Newsfeatures,Cross-Word Puzzles,Staff,daily,"2 col., mat",sim_editor-publisher_1945-10-06_78_41
1945,Associated Newspapers,Associated Crossword Puzzle,Staff,daily,"2 col. 6.5 in., mat; AN-DNB",sim_editor-publisher_1945-10-06_78_41
1945,Bell Syndicate,Bell Crossword Puzzle,,daily and Sunday,d 2 col. 6 in.; S 3 col. 12 in. or 2 col. 9 in.; BES-DNB,sim_editor-publisher_1945-10-06_78_41
1945,Chicago Times Syndicate,Crossword puzzles,,,display ad only,sim_editor-publisher_1945-10-06_78_41
1945,Chicago Tribune-New York News Syndicate,Crossword Puzzles,Staff,daily and Sunday,2 col.,sim_editor-publisher_1945-10-06_78_41
1945,King Features Syndicate,Crossword Puzzle (Daily Crossword Puzzle),Eugene Sheffer,daily,"2 col., mat",sim_editor-publisher_1945-10-06_78_41
1945,King Features Syndicate,Daily Crossword No. 1,Staff,daily,"2 col., mat",sim_editor-publisher_1945-10-06_78_41
1945,King Features Syndicate / Central Press,Daily Crossword No. 2-CP,Staff,daily,"2 col., mat",sim_editor-publisher_1945-10-06_78_41
1945,NEA Service,Crossword Puzzle,Staff,daily,2 col. 5.5 in.; NEA-DNB,sim_editor-publisher_1945-10-06_78_41
1945,NEA Service,Weekly Crossword Puzzle,Staff,weekly,2 col. 8 in.; NEA-DNB,sim_editor-publisher_1945-10-06_78_41
1945,New York Herald Tribune Syndicate,Crossword Puzzles,Staff,daily and Sunday,d 2 col.; S 3 col.; NHT-MIL,sim_editor-publisher_1945-10-06_78_41
1945,The International Syndicate,Crossword Puzzles,Staff,daily,"cut 2/4, varies",sim_editor-publisher_1945-10-06_78_41
1945,Unique Features Service (code UNF),Cross-Word Puzzles,Stanley Miller,Sunday/weekly,2 col.; Unique Feature Service ad also lists Cross-Word Puzzles,sim_editor-publisher_1945-10-06_78_41
1945,Wheeler Newspaper Syndicate,Crossword Puzzles,Staff,daily and Sunday,"2, 3 or 4 col.",sim_editor-publisher_1945-10-06_78_41
1947,AP Newsfeatures,Crossword Puzzles,Staff,daily,"2 col. mat; code OCR "".tP""",sim_editor-publisher_1947-09-06_80_37
1947,Associated Newspapers,Crossword Puzzle,,daily and Sunday,2 col. 3.75 in.; AN-DNB-EP,sim_editor-publisher_1947-09-06_80_37
1947,Bell Syndicate,Crossword Puzzles,,daily and Sunday,d 2 col. 3.5 in.; S 3 col. 6 in.; BES-DNB-EP; Bell ad: Cross Words - D. & S.,sim_editor-publisher_1947-09-06_80_37
1947,Canada Wide Feature Service (Canada),Crosswords,Various,daily,Canadian,sim_editor-publisher_1947-09-06_80_37
1947,Chicago Tribune-New York News Syndicate,Crossword Puzzles,Staff,daily and Sunday,2 col.,sim_editor-publisher_1947-09-06_80_37
1947,"code OCR ""ITS"" (unidentified)",Crossword Puzzle,,daily except Sunday,1.5 col. mat,sim_editor-publisher_1947-09-06_80_37
1947,Editors Press Service,Crucigramas (Crosswords),Various,daily,Spanish; 2 col.,sim_editor-publisher_1947-09-06_80_37
1947,King Features Syndicate,Bible Crossword Puzzle,,Sunday,mat; KFS-RGB,sim_editor-publisher_1947-09-06_80_37
1947,King Features Syndicate,KFS Crossword Puzzle,Eugene Sheffer,daily and Sunday,KFS-RGB,sim_editor-publisher_1947-09-06_80_37
1947,King Features Syndicate,Spanish Crossword Puzzle,,,KFS title list (syndicate heading misread by OCR),sim_editor-publisher_1947-09-06_80_37
1947,"National Weekly Newspaper Service (code OCR ""W.NT"")",Crossword Puzzles,,weekly,2 col. 8 in.,sim_editor-publisher_1947-09-06_80_37
1947,NEA Service,Crossword Puzzles,Staff,daily except Sunday,2 col. 5.25 in.; NEA-DNB,sim_editor-publisher_1947-09-06_80_37
1947,NEA Service,Weekly Crossword Puzzles,,weekly,from NEA title list,sim_editor-publisher_1947-09-06_80_37
1947,New York Herald Tribune Syndicate,Crossword Puzzle,Staff,daily and Sunday,d 2 col. 10 in.; S 5 col. 12 in.; NHT-MIL-EP,sim_editor-publisher_1947-09-06_80_37
1947,PM Syndicate,Crossword,Charles Erlenkotter,weekly,5 col. 8 in.,sim_editor-publisher_1947-09-06_80_37
1947,The International Syndicate,Crossword Puzzles,Staff,daily,"2 col. 4 in., mimeo",sim_editor-publisher_1947-09-06_80_37
1947,United Feature Syndicate,Crossword Puzzle,,,UFS title list,sim_editor-publisher_1947-09-06_80_37
1947,W. L. Gordon Features,Crossword,A. C. Gordon,weekly,2 col. 7 in.,sim_editor-publisher_1947-09-06_80_37
1948,AP Newsfeatures,Crossword Puzzles,G. Van Cleft Cooper,daily,2 col.,sim_editor-publisher_1948-08-28_81_36
1948,Associated Newspapers,Crossword Puzzle,,daily and Sunday,2 col. 3.75 in.; AN-DNB-EP,sim_editor-publisher_1948-08-28_81_36
1948,Atlas Features Syndicate,Crossword Puzzle,Staff,weekly,2 col. 6 in.,sim_editor-publisher_1948-08-28_81_36
1948,Bell Syndicate,Cross Word Puzzles,,daily and Sunday,d 2 col. 3.5 in.; S 3 col. 6 in.,sim_editor-publisher_1948-08-28_81_36
1948,Central Press Association (King Features),CP Crossword Puzzle,,daily,mat; KFS-STNS,sim_editor-publisher_1948-08-28_81_36
1948,Chicago Tribune-New York News Syndicate,Crossword Puzzles,Staff,daily and Sunday,2 col.,sim_editor-publisher_1948-08-28_81_36
1948,"code OCR ""CFS""/""t'FS"" (unidentified)",Crossword Puzzles,,daily except Sunday,1.5 col. mat,sim_editor-publisher_1948-08-28_81_36
1948,King Features Syndicate,Bible Crossword Puzzle,,Sunday,mat,sim_editor-publisher_1948-08-28_81_36
1948,King Features Syndicate,KFS Crossword Puzzle,Eugene Sheffer,daily and Sunday,KFS-RGB,sim_editor-publisher_1948-08-28_81_36
1948,King Features Syndicate,Spanish Crossword Puzzle,Staff,six a week,mat,sim_editor-publisher_1948-08-28_81_36
1948,National Weekly Newspaper Service,Crossword Puzzle,Contributors,weekly,2 col. 7 in.,sim_editor-publisher_1948-08-28_81_36
1948,NEA Service,Crossword Puzzle,Staff,daily except Sunday,2 col. 5.25 in.,sim_editor-publisher_1948-08-28_81_36
1948,NEA Service,Weekly Crossword Puzzle,Staff,weekly,2 col. 8 in.,sim_editor-publisher_1948-08-28_81_36
1948,New York Herald Tribune Syndicate,Crossword Puzzle,Staff,daily and Sunday,d 2 col. 10 in.; S 5 col. 12 in.,sim_editor-publisher_1948-08-28_81_36
1948,Smith Service (code SS),Crossword Puzzle,Charles Erlenkotter,Sunday,5 col. 9 in.,sim_editor-publisher_1948-08-28_81_36
1948,Star Syndicate,Crossword Puzzle,,,title list only,sim_editor-publisher_1948-08-28_81_36
1948,The International Syndicate,Crossword Puzzles,Staff,daily,"2 col., mimeo",sim_editor-publisher_1948-08-28_81_36
1948,United Feature Syndicate,Crossword Puzzles,,,title list only,sim_editor-publisher_1948-08-28_81_36
1948,W. L. Gordon Features,Crossword Puzzle,A. C. Gordon,weekly,2 col. 6 in.,sim_editor-publisher_1948-08-28_81_36
1949,AP Newsfeatures,Crossword Puzzles,G. Van Cleft Cooper,daily,2 col.,sim_editor-publisher_1949-08-06_82_33
1949,Associated Newspapers,Crossword Puzzle,,daily,2 col. 3.75 in.; AN-DNB,sim_editor-publisher_1949-08-06_82_33
1949,Atlas Features Syndicate,Crossword Puzzle,Staff,weekly,2 col. 5 in.,sim_editor-publisher_1949-08-06_82_33
1949,Bell Syndicate,Crossword Puzzles,,daily and Sunday,d 2 col. 3.75 in.; S 3 col. 6 in.,sim_editor-publisher_1949-08-06_82_33
1949,Central Press Association (King Features),CP Crossword Puzzle,,daily / six a week,mat; KFS-CP-STNS,sim_editor-publisher_1949-08-06_82_33
1949,Chicago Tribune-New York News Syndicate,Crossword Puzzles,Staff,daily,2 col.,sim_editor-publisher_1949-08-06_82_33
1949,General Features Corporation,Crossword Puzzles; Daily Cross Words,,,GFC display ad only,sim_editor-publisher_1949-08-06_82_33
1949,King Features Syndicate,Bible Crossword Puzzle,,weekly,mat,sim_editor-publisher_1949-08-06_82_33
1949,King Features Syndicate,KFS Crossword Puzzle,Eugene Sheffer,six a week and Sunday,d 2 col.; S 3 col.,sim_editor-publisher_1949-08-06_82_33
1949,King Features Syndicate,Spanish Crossword Puzzle,Staff,six a week,mat,sim_editor-publisher_1949-08-06_82_33
1949,Miller Services (Canada),Crossword Puzzles,,daily,Canadian; 2 col. 5 in.,sim_editor-publisher_1949-08-06_82_33
1949,National Weekly Newspaper Service,Crossword Puzzle,Contributors,weekly,"2 col. 7 in.; code not captured, inferred from 1948",sim_editor-publisher_1949-08-06_82_33
1949,NEA Service,Crossword Puzzle,Staff,daily except Sunday,2 col. 5.5 in.,sim_editor-publisher_1949-08-06_82_33
1949,NEA Service,Weekly Crossword Puzzle,Staff,weekly,2 col. 8 in.,sim_editor-publisher_1949-08-06_82_33
1949,New York Herald Tribune Syndicate,Cross Word Puzzle,Staff,daily and Sunday,d 2 col. 10 in.; S 5 col. 13 in.,sim_editor-publisher_1949-08-06_82_33
1949,The International Syndicate,Crossword Puzzles,Staff,daily,"2 col., mimeo",sim_editor-publisher_1949-08-06_82_33
1949,unidentified,Crossword Puzzle,,daily except Sunday,"1.5 col. mat; code not captured (same entry as 1947 ""ITS"" / 1948 ""CFS"")",sim_editor-publisher_1949-08-06_82_33
1949,"United Feature Syndicate (code OCR ""CFS"")",Crossword Puzzles,,daily and Sunday,d 2 col.; S 3 col.; same specs as UFS in 1950,sim_editor-publisher_1949-08-06_82_33
1949,W. L. Gordon Features,Crossword Puzzle,A. C. Gordon,weekly,2 col. 6 in.,sim_editor-publisher_1949-08-06_82_33
1949,Wheeler Newspaper Syndicate,Crossword Puzzles,Staff,weekly,2 col. 12 in.,sim_editor-publisher_1949-08-06_82_33
1950,AP Newsfeatures,Crossword Puzzles,G. Van Cleft Cooper,daily,2 col.,sim_editor-publisher_1950-07-29_83_31
1950,Associated Newspapers,Crossword Puzzle,,daily,"2 col. 3.5""",sim_editor-publisher_1950-07-29_83_31
1950,Atlas Features Syndicate,Crossword Puzzle,Staff,weekly,"2 col. 5""",sim_editor-publisher_1950-07-29_83_31
1950,Bell Syndicate,Cross Word Puzzles,,daily and Sunday,"d 2 col. 3.75""; S 3 col. 6""",sim_editor-publisher_1950-07-29_83_31
1950,Central Press Association (King Features),CP Crossword Puzzle,,six a week,2 col. mat; classified codes KFS-CP-RGB,sim_editor-publisher_1950-07-29_83_31
1950,Chicago Tribune-New York News Syndicate,Crossword Puzzles,Staff,daily and Sunday,2 col.,sim_editor-publisher_1950-07-29_83_31
1950,General Features Corporation,Crossword (GFC Weekly Puzzle),Maynard Nichols,Sunday,"3 col. x 10""; GFC ad: ""A new jumbo Sunday crossword puzzle""",sim_editor-publisher_1950-07-29_83_31
1950,King Features Syndicate,Bible Crossword Puzzle,,weekly,classified under religion (C31),sim_editor-publisher_1950-07-29_83_31
1950,King Features Syndicate,KFS Crossword Puzzle,Eugene Sheffer,six a week and Sunday,2 col.; S 3 col.,sim_editor-publisher_1950-07-29_83_31
1950,King Features Syndicate,Spanish Crossword Puzzle,Staff,six a week,2 col.,sim_editor-publisher_1950-07-29_83_31
1950,Metropolitan Press Agency,Crossword Puzzles,,daily and weekly,"from by-syndicate listing; OCR ""d-w-2c-5e""",sim_editor-publisher_1950-07-29_83_31
1950,Miller Services (Canada),Crossword Puzzles,,daily,"Canadian syndicate; 2 col. 5""",sim_editor-publisher_1950-07-29_83_31
1950,NEA Service,Crossword Puzzle,Staff,daily except Sunday,"2 col. 5.25""",sim_editor-publisher_1950-07-29_83_31
1950,NEA Service,Weekly Crossword Puzzle,Staff,weekly,"2 col. 8""",sim_editor-publisher_1950-07-29_83_31
1950,New York Herald Tribune Syndicate,Cross Word Puzzle,Staff,daily and Sunday,"d 2 col. 10""; S 5 col. 12""; code OCR garbled (""Pe"")",sim_editor-publisher_1950-07-29_83_31
1950,Post-Hall Syndicate,Daily Crosswords,,daily,"from a Post-Hall display ad, not the listing",sim_editor-publisher_1950-07-29_83_31
1950,Post-Hall Syndicate,Sunday Crosswords,,Sunday,"from a Post-Hall display ad, not the listing",sim_editor-publisher_1950-07-29_83_31
1950,The International Syndicate,Crossword Puzzles,Staff,daily,"2 col., mimeo",sim_editor-publisher_1950-07-29_83_31
1950,United Feature Syndicate,Crossword Puzzles,,daily and Sunday,d 2 col.; S 3 col.,sim_editor-publisher_1950-07-29_83_31
1950,W. L. Gordon Features,Crossword Puzzle,A. C. Gordon,weekly,"2 col. 6""",sim_editor-publisher_1950-07-29_83_31
1950,Wheeler Newspaper Syndicate,Crossword Puzzles,Staff,weekly,"2 col. 12""",sim_editor-publisher_1950-07-29_83_31
1951,AP Newsfeatures,Crossword Puzzles,G. Van Cleft Cooper,daily,2 col.,sim_editor-publisher_1951-07-28_84_31
1951,Associated Newspapers,Crossword Puzzle,,daily,"2 col. 3.6"" (OCR fraction garbled)",sim_editor-publisher_1951-07-28_84_31
1951,Atlas Features Syndicate,Crossword Puzzle,Staff,weekly,"2 col. 5""",sim_editor-publisher_1951-07-28_84_31
1951,Bell Syndicate,Cross-Word Puzzles,,daily and Sunday,"d 2 col. 3.75""; S 3 col. 6""; Bell display ad lists ""Daily Crosswords"" and ""Sunday Crosswords""",sim_editor-publisher_1951-07-28_84_31
1951,Central Press Association (King Features),CP Crossword Puzzle,,six a week,"2 col. mat; CP listing OCR ""d-tw"", KFS listing ""6tw-2c; S-3c""; classified codes KFS-CP-STNS",sim_editor-publisher_1951-07-28_84_31
1951,Chicago Tribune-New York News Syndicate,Crossword Puzzles,Staff,daily,"2 col.; by-syndicate OCR ""d5"" (possibly dS)",sim_editor-publisher_1951-07-28_84_31
1951,General Features Corporation,Crossword,Maynard Nichols,Sunday,"3 col. 10""",sim_editor-publisher_1951-07-28_84_31
1951,King Features Syndicate,Bible Crossword Puzzle,,weekly,2 col.; religion classification (C31),sim_editor-publisher_1951-07-28_84_31
1951,King Features Syndicate,KFS Crossword Puzzle,Eugene Sheffer,six a week and Sunday,2 col.; S 3 col.,sim_editor-publisher_1951-07-28_84_31
1951,King Features Syndicate,Spanish Crossword Puzzle,Staff,six a week,2 col.,sim_editor-publisher_1951-07-28_84_31
1951,National Catholic Welfare Conference,Who's Who? Follow The Clue (crossword),Michael Zens,weekly,mat,sim_editor-publisher_1951-07-28_84_31
1951,National Weekly Newspaper Service,Crossword Puzzle,Staff,weekly,"2 col. 6.5"" (OCR ""6 j""); listing OCR ""Crosswood""",sim_editor-publisher_1951-07-28_84_31
1951,NEA Service,Crossword Puzzle,Staff,daily except Sunday,"2 col. 5+"" (fraction OCR-garbled)",sim_editor-publisher_1951-07-28_84_31
1951,NEA Service,Weekly Crossword Puzzle,Staff,weekly,"2 col. 8""",sim_editor-publisher_1951-07-28_84_31
1951,New York Herald Tribune Syndicate,Cross Word Puzzle,Staff,daily and Sunday,"d 2 col. 10""; S 5 col. 12""; weekly cryptogram on same mat",sim_editor-publisher_1951-07-28_84_31
1951,The International Syndicate,Crossword Puzzles,Staff,daily,"2 col., mimeo, variable",sim_editor-publisher_1951-07-28_84_31
1951,United Feature Syndicate,Crossword Puzzles,,daily and Sunday,"d 2 col.; S 3 col.; also UFS display ad ""Daily and Sunday Crossword Puzzles""",sim_editor-publisher_1951-07-28_84_31
1951,W. L. Gordon Features,Crossword Puzzle,A. C. Gordon,weekly,"2 col. 6""",sim_editor-publisher_1951-07-28_84_31
1952,AP Newsfeatures,Crossword Puzzles,J. Van Cleft Cooper,daily,2 col.,sim_editor-publisher_1952-07-26_85_31
1952,Associated Newspapers,Crossword Puzzle,,daily,"2 col. 3.625"" (OCR ""3H""/""3®8"")",sim_editor-publisher_1952-07-26_85_31
1952,Atlas Features Syndicate,Crossword Puzzle,Staff,weekly,"2 col. 5""",sim_editor-publisher_1952-07-26_85_31
1952,Bell Syndicate,Cross-Word Puzzles,,daily and Sunday,"d 2 col. 3.75""?; S 3 col. 6"" (OCR garbled); Bell display ad ""Cross Words — D. & S.""",sim_editor-publisher_1952-07-26_85_31
1952,Central Press Association (King Features),CP Crossword Puzzle,,six a week,"2 col.; CP listing OCR ""d-tw""; KFS listing 6tw",sim_editor-publisher_1952-07-26_85_31
1952,Chicago Tribune-New York News Syndicate,Crossword Puzzles,Staff,daily and Sunday,2 col.,sim_editor-publisher_1952-07-26_85_31
1952,General Features Corporation,Crossword,Maynard Nichols,Sunday,"3 col. 10""",sim_editor-publisher_1952-07-26_85_31
1952,King Features Syndicate,Bible Crossword Puzzle,,weekly,2 col.; religion classification (C31),sim_editor-publisher_1952-07-26_85_31
1952,King Features Syndicate,KFS Crossword Puzzle,Eugene Sheffer,six a week,2 col.,sim_editor-publisher_1952-07-26_85_31
1952,King Features Syndicate,Premier Cross Word Puzzle,Eugene Sheffer,Sunday,3 col.,sim_editor-publisher_1952-07-26_85_31
1952,King Features Syndicate,Spanish Crossword Puzzle,Staff,six a week,2 col.,sim_editor-publisher_1952-07-26_85_31
1952,Labor Press Association,Crossword Puzzles,,"weekly/monthly (OCR ""w-m"")","2 col. 5"", 1 col. 3""; variable",sim_editor-publisher_1952-07-26_85_31
1952,National Weekly Newspaper Service (probable),Crossword Puzzle,Staff,weekly,"2 col. 6.5""; classified entry only, code lost to OCR; attribution inferred from identical 1951/1953 NWNS entries",sim_editor-publisher_1952-07-26_85_31
1952,NEA Service,Crossword Puzzle,Staff,daily except Sunday,"2 col. 5.5""? (OCR ""5H""/""5)i"")",sim_editor-publisher_1952-07-26_85_31
1952,NEA Service,Weekly Crossword Puzzle,Staff,weekly,"2 col. 8"" (OCR ""ac8"")",sim_editor-publisher_1952-07-26_85_31
1952,New York Herald Tribune Syndicate,Cross Word Puzzle,Staff,daily and Sunday,"d 2 col. 10""; S 5 col. 12""; cryptogram on same mat",sim_editor-publisher_1952-07-26_85_31
1952,The International Syndicate,Crossword Puzzles,Staff,daily,"2 col., mimeo, variable",sim_editor-publisher_1952-07-26_85_31
1952,Transworld Feature Syndicate,Crossword Puzzle (Palabras Cruzadas),Componer,daily and Sunday,"Spanish-language; 1 col. 2"", 2 col. 3""; mimeo/mat; OCR garbled (""Palabres Druzades"", ""Cnuadas"")",sim_editor-publisher_1952-07-26_85_31
1952,United Feature Syndicate,Crossword Puzzles,,daily and Sunday,"d 2 col.; S 3 col.; UFS display ad ""Crossword Puzzles""",sim_editor-publisher_1952-07-26_85_31
1952,W. L. Gordon Features,Crossword Puzzle,A. C. Gordon,weekly,"2 col. 6""",sim_editor-publisher_1952-07-26_85_31
1953,AP Newsfeatures,Crossword Puzzles,J. Van Cleft Cooper,daily,2 col.,sim_editor-publisher_1953-07-25_86_31
1953,Associated Newspapers,Crossword Puzzle,,daily,"2 col. 3.625"" (OCR garbled)",sim_editor-publisher_1953-07-25_86_31
1953,Atlas Features Syndicate,Crossword Puzzle,Staff,weekly,"2 col. 5""",sim_editor-publisher_1953-07-25_86_31
1953,Bell Syndicate,Cross-Word Puzzle,,daily and Sunday,"d 2 col. 3.75""; S 3 col. 6""",sim_editor-publisher_1953-07-25_86_31
1953,Central Press Association (King Features),CP Crossword Puzzle,,six a week,2 col.; classified codes KFS-CP-STNS,sim_editor-publisher_1953-07-25_86_31
1953,Chicago Tribune-New York News Syndicate,Crossword Puzzles,Staff,daily and Sunday,2 col.,sim_editor-publisher_1953-07-25_86_31
1953,Community Press Service,Crossword Puzzle,,weekly,2 col.; classified codes CPS-MIL,sim_editor-publisher_1953-07-25_86_31
1953,Dominion News Bureau (Canada),Crossword Puzzle Contest,Staff,weekly,"Canadian; 2 col. 4""",sim_editor-publisher_1953-07-25_86_31
1953,General Features Corporation,Crossword,Maynard Nichols,Sunday,"3 col. 10""; GFC display ad for a weekly ""GFC three-column puzzle"" for crossword addicts",sim_editor-publisher_1953-07-25_86_31
1953,King Features Syndicate,Bible Crossword Puzzle,,weekly,2 col.; religion classification (C31),sim_editor-publisher_1953-07-25_86_31
1953,King Features Syndicate,KFS Crossword Puzzle,Eugene Sheffer,six a week,2 col.,sim_editor-publisher_1953-07-25_86_31
1953,King Features Syndicate,KFS Spanish Crossword Puzzle,Staff,six a week,2 col.,sim_editor-publisher_1953-07-25_86_31
1953,King Features Syndicate,Premier Cross Word Puzzle,Eugene Sheffer,Sunday,3 col.,sim_editor-publisher_1953-07-25_86_31
1953,Labor Press Association,Crossword Puzzles,Various Authors,"weekly/monthly (OCR ""»-m"")","1 col. 3"", 2 col. 5""",sim_editor-publisher_1953-07-25_86_31
1953,National Weekly Newspaper Service,Crossword Puzzle,Staff,weekly,"2 col. 6.5"" (OCR ""6' j"")",sim_editor-publisher_1953-07-25_86_31
1953,NEA Service,Crossword Puzzle,Staff,daily except Sunday,"2 col. 5.5"" (OCR fraction garbled)",sim_editor-publisher_1953-07-25_86_31
1953,NEA Service,Weekly Crossword Puzzle,Staff,weekly,"2 col. 8""",sim_editor-publisher_1953-07-25_86_31
1953,New York Herald Tribune Syndicate,Cross Word Puzzle,Staff,daily and Sunday,"d 2 col. 10""; S 5 col. 12""; cryptograms on same mat",sim_editor-publisher_1953-07-25_86_31
1953,Smith Service,Cross Word Puzzle,Bernice Paschen,weekly,"2 col. 5"", mat/glossy proof",sim_editor-publisher_1953-07-25_86_31
1953,The International Syndicate,Crossword Puzzles,Staff,daily,"2 col., mimeo, variable (classified OCR ""Yl"")",sim_editor-publisher_1953-07-25_86_31
1953,Transworld Feature Syndicate,Crossword Puzzle (Cruzadas Palabras),Componer,daily and Sunday,"Spanish-language; 1 col. 2"", 2 col. 3"", mimeo; from title index only",sim_editor-publisher_1953-07-25_86_31
1953,United Feature Syndicate,Crossword Puzzles,,daily and Sunday,d 2 col.; S 3 col.,sim_editor-publisher_1953-07-25_86_31
1953,W. L. Gordon Features,Crossword Puzzle,A. C. Gordon,weekly,"2 col. 6""",sim_editor-publisher_1953-07-25_86_31
1954,AP Newsfeatures,Crossword Puzzles,J. Van Cleft Cooper,daily,2 col.,sim_editor-publisher_1954-07-31_87_32
1954,Associated Newspapers,Crossword Puzzle,,daily,"2 col. 3.625""? (OCR garbled)",sim_editor-publisher_1954-07-31_87_32
1954,Atlas Features Syndicate,Crossword Puzzle,Staff,weekly,"2 col. 5""",sim_editor-publisher_1954-07-31_87_32
1954,Bell Syndicate,Cross-Word Puzzles,,daily and Sunday,"d 2 col. 3.75""; S 3 col. 6""; Bell display ad ""Cross Word Puzzle — D. & S.""",sim_editor-publisher_1954-07-31_87_32
1954,Bell Syndicate,Prize Crossword,,weekly,"2 col.; also ""Prize Crosswords"" in Bell display ad",sim_editor-publisher_1954-07-31_87_32
1954,Central Press Association (King Features),CP Crossword Puzzle,,six a week,"2 col.; CP listing ""d-2c""",sim_editor-publisher_1954-07-31_87_32
1954,Chicago Tribune-New York News Syndicate,Crossword Puzzles,Staff,daily and Sunday,2 col.,sim_editor-publisher_1954-07-31_87_32
1954,Community Press Service,Crossword Puzzle,Staff,weekly,2 col.,sim_editor-publisher_1954-07-31_87_32
1954,Dominion News Bureau (Canada),Crossword Puzzle Contest,Staff,weekly,"Canadian; 2 col. 4""",sim_editor-publisher_1954-07-31_87_32
1954,General Features Corporation,Crossword,Maynard Nichols,Sunday,"3 col. 10""",sim_editor-publisher_1954-07-31_87_32
1954,General Features Corporation,Daily Crossword,Margaret Farrar,daily except Sunday,"2 col. 8""; GFC display ad for daily and Sunday crosswords ""by the Nation's Top Puzzle Experts""",sim_editor-publisher_1954-07-31_87_32
1954,King Features Syndicate,Bible Crossword Puzzle,,weekly,2 col.; religion classification (C31),sim_editor-publisher_1954-07-31_87_32
1954,King Features Syndicate,Criss Cross,John Manning,six a week,1 col.; may be a word puzzle rather than a crossword,sim_editor-publisher_1954-07-31_87_32
1954,King Features Syndicate,KFS Crossword Puzzle,Eugene Sheffer,six a week,2 col.,sim_editor-publisher_1954-07-31_87_32
1954,King Features Syndicate,Premier Cross Word Puzzle,Eugene Sheffer,Sunday,3 col.,sim_editor-publisher_1954-07-31_87_32
1954,King Features Syndicate,Spanish Crossword Puzzle,Staff,six a week,2 col.,sim_editor-publisher_1954-07-31_87_32
1954,National Weekly Newspaper Service,Crossword Puzzle,Staff,weekly,"2 col. 6.5"" (OCR garbled)",sim_editor-publisher_1954-07-31_87_32
1954,NEA Service,Crossword Puzzle,Staff,daily except Sunday,"2 col. 5.5""? (OCR fraction garbled)",sim_editor-publisher_1954-07-31_87_32
1954,NEA Service,Weekly Crossword Puzzle,Staff,weekly,"2 col. 8""",sim_editor-publisher_1954-07-31_87_32
1954,New York Herald Tribune Syndicate,Cross Word Puzzle,Staff,daily and Sunday,"d 2 col. 10""?; S 5 col. 12""; cryptograms on same mat; NHT display ad lists ""Crossword Puzzles""",sim_editor-publisher_1954-07-31_87_32
1954,Smith Service,Cross Word Puzzle,Bernice Paschen,weekly,"2 col. 5"", mat/glossy proof; listing under Smith-Mann Syndicate heading, code SS",sim_editor-publisher_1954-07-31_87_32
1954,The International Syndicate,Crossword Puzzles,Staff,daily,"2 col., mimeo, variable",sim_editor-publisher_1954-07-31_87_32
1954,United Feature Syndicate,Crossword Puzzles,,daily and Sunday,"d 2 col.; S 3 col.; UFS display ad ""Daily and Sunday Crossword Puzzles""",sim_editor-publisher_1954-07-31_87_32
1954,W. L. Gordon Features,Crossword Puzzle,A. C. Gordon,weekly,"2 col. 6""",sim_editor-publisher_1954-07-31_87_32
1955,AP Newsfeatures,Crossword Puzzles,J. Van Cleft Cooper,daily,2 col.,sim_editor-publisher_1955-07-30_88_32
1955,Associated Newspapers,Crossword Puzzle,,daily,"2 col. 3.5""",sim_editor-publisher_1955-07-30_88_32
1955,Atlas Features Syndicate,Crossword Puzzle,Staff,weekly,"2 col. 3""",sim_editor-publisher_1955-07-30_88_32
1955,Bell Syndicate,Cross-Word Puzzles,,daily and Sunday,d 2 col.; S 3 col.,sim_editor-publisher_1955-07-30_88_32
1955,Bell Syndicate,Prize Crossword,,weekly,2 col.,sim_editor-publisher_1955-07-30_88_32
1955,Central Press Association (King Features),CP Crossword Puzzle,,six a week,2 col.,sim_editor-publisher_1955-07-30_88_32
1955,Chicago Tribune-New York News Syndicate,Crossword Puzzles,Staff,daily and Sunday,2 col.,sim_editor-publisher_1955-07-30_88_32
1955,Community Press Service,Crossword Puzzle,Staff,weekly,,sim_editor-publisher_1955-07-30_88_32
1955,General Features Corporation,Coinword Puzzle Contest (crossword contest),,weekly?,"from display ad only (""the best in crossword puzzle contests""); syndicate inferred from ad placement, OCR-uncertain",sim_editor-publisher_1955-07-30_88_32
1955,General Features Corporation,Crossword,Maynard Nichols,Sunday,"3 col. x 10""; GFC ad for ""The GFC Sunday Crossword Puzzle"", a ""Sunday jumbo crossword""",sim_editor-publisher_1955-07-30_88_32
1955,General Features Corporation,Daily Crossword,Margaret Farrar,daily except Sunday,"2 col. 8""",sim_editor-publisher_1955-07-30_88_32
1955,King Features Syndicate,Bible Crossword Puzzle,,weekly,religion classification,sim_editor-publisher_1955-07-30_88_32
1955,King Features Syndicate,Criss Cross,John Manning,six a week,1 col.; may be a word puzzle rather than a crossword,sim_editor-publisher_1955-07-30_88_32
1955,King Features Syndicate,KFS Crossword Puzzle,Eugene Sheffer,six a week,2 col.,sim_editor-publisher_1955-07-30_88_32
1955,King Features Syndicate,Premier Cross Word Puzzle,Eugene Sheffer,Sunday,3 col.,sim_editor-publisher_1955-07-30_88_32
1955,King Features Syndicate,Spanish Crossword Puzzle,Staff,six a week,2 col.,sim_editor-publisher_1955-07-30_88_32
1955,McClure Newspaper Syndicate,Prize Crosswords; Cross-word Puzzle,,,from McClure display ad only,sim_editor-publisher_1955-07-30_88_32
1955,Moss Feature Syndicate,Cashword (crossword puzzle contest),,one or two a week,display ad,sim_editor-publisher_1955-07-30_88_32
1955,National Weekly Newspaper Service,Crossword Puzzle,Staff,weekly,"2 col. 6.5""",sim_editor-publisher_1955-07-30_88_32
1955,NEA Service,Crossword Puzzle,Staff,daily except Sunday,"2 col. 5.25""",sim_editor-publisher_1955-07-30_88_32
1955,NEA Service,Weekly Crossword Puzzle,Staff,weekly,"2 col. 8""",sim_editor-publisher_1955-07-30_88_32
1955,New York Herald Tribune Syndicate,Cross Word Puzzle,Staff,daily and Sunday,"d 2 col. 10""; S 5 col. 12""",sim_editor-publisher_1955-07-30_88_32
1955,Smith-Mann Syndicate,Cross Word Puzzle,Bernice Paschen,weekly,"2 col. 5"", glossy proof",sim_editor-publisher_1955-07-30_88_32
1955,The International Syndicate,Crossword Puzzles,Staff,daily,"2 col., mimeo",sim_editor-publisher_1955-07-30_88_32
1955,United Feature Syndicate,Crossword Puzzle,,daily and Sunday,d 2 col.; S 3 col.,sim_editor-publisher_1955-07-30_88_32
1955,W. L. Gordon Features,Crossword Puzzle,A. C. Gordon,weekly,"2 col. 6""",sim_editor-publisher_1955-07-30_88_32
1956,AP Newsfeatures,Crossword Puzzles,J. Van Cleft Cooper,daily,2 col.,sim_editor-publisher_1956-07-28_89_31
1956,Associated Newspapers,Crossword Puzzle,,daily,"2 col. 3.625""? (OCR ""3S""); Bell/AN display ad lists ""Associated Crosswords""",sim_editor-publisher_1956-07-28_89_31
1956,Associated Newspapers / Bell Syndicate,Dollar Dazzler Crossword (contest),,,"display ad only (joint Bell/AN ad, under ""Contests"")",sim_editor-publisher_1956-07-28_89_31
1956,Atlas Features Syndicate,Crossword Puzzle,Staff,weekly,"2 col. 5""",sim_editor-publisher_1956-07-28_89_31
1956,Bell Syndicate,Cross-Word Puzzles,,daily and Sunday,"d 2 col. 3.75""?; S 3 col. 6"" (OCR garbled); display ad ""Bell Crosswords""",sim_editor-publisher_1956-07-28_89_31
1956,Bell Syndicate,Prize Crossword,,weekly,"2 col.; also in Bell display ad under ""Contests""",sim_editor-publisher_1956-07-28_89_31
1956,Central Press Association (King Features),CP Crossword Puzzle,,six a week,2 col.; classified codes KFS-CP-TSS,sim_editor-publisher_1956-07-28_89_31
1956,Chicago Tribune-New York News Syndicate,Crossword Puzzles,Staff,daily and Sunday,2 col.,sim_editor-publisher_1956-07-28_89_31
1956,Community Press Service,Crossword Puzzle,Staff,weekly,2 col.,sim_editor-publisher_1956-07-28_89_31
1956,Dominion News Bureau (Canada),Crossword Puzzle Contests,Staff,weekly,"Canadian; 2 col. 4""",sim_editor-publisher_1956-07-28_89_31
1956,General Features Corporation,Coinword (crossword contest),Margaret Farrar,weekly,"100 words, illustrated; GFC ad says its format ""is modeled after the conventional crossword puzzle""",sim_editor-publisher_1956-07-28_89_31
1956,General Features Corporation,Crossword,Maynard Nichols,Sunday,"3 col. 10""",sim_editor-publisher_1956-07-28_89_31
1956,General Features Corporation,Daily Crossword,Margaret Farrar,daily except Sunday,"2 col. 8""; GFC display ad ""GFC's Daily and Sunday Crossword Puzzles""",sim_editor-publisher_1956-07-28_89_31
1956,General Features Corporation,Skil-Word (puzzle contest),,,"display ad only; described as new, like Coinword (crossword format stated only in 1957 ad)",sim_editor-publisher_1956-07-28_89_31
1956,King Features Syndicate,Bible Crossword Puzzle,,weekly,2 col.; religion classification (C31),sim_editor-publisher_1956-07-28_89_31
1956,King Features Syndicate,Criss Cross,John Manning,six a week,1 col.; may be a word puzzle rather than a crossword,sim_editor-publisher_1956-07-28_89_31
1956,King Features Syndicate,KFS Crossword Puzzle,Eugene Sheffer,six a week,2 col.,sim_editor-publisher_1956-07-28_89_31
1956,King Features Syndicate,Premier Cross Word Puzzle,Eugene Sheffer,Sunday,3 col.,sim_editor-publisher_1956-07-28_89_31
1956,King Features Syndicate,Spanish Crossword Puzzle,Staff,six a week,2 col.,sim_editor-publisher_1956-07-28_89_31
1956,National Weekly Newspaper Service,Crossword Puzzle,Staff,weekly,"2 col. 6.5""",sim_editor-publisher_1956-07-28_89_31
1956,NEA Service,Crossword Puzzle,Staff,daily except Sunday,"2 col. 5.25""",sim_editor-publisher_1956-07-28_89_31
1956,NEA Service,Weekly Crossword Puzzle,Staff,weekly,"2 col. 8""",sim_editor-publisher_1956-07-28_89_31
1956,New York Herald Tribune Syndicate,Cross Word Puzzle,Staff,daily and Sunday,"d 2 col. 10""; S 5 col. 12""; cryptograms on same mat",sim_editor-publisher_1956-07-28_89_31
1956,Smith Service,Cross Word Puzzle,Bernice Paschen,weekly,"2 col. (OCR ""3"""" in both listings; 5"" in other years), mat/glossy proof",sim_editor-publisher_1956-07-28_89_31
1956,Superior Features Syndicate,Cashword Puzzle Contest (crossword contest),,"semiweekly? (OCR ""fw""/""sw"")","700 words, 2 col., mimeo, illustrated; Superior ad: ""Crossword puzzle contest. One or two a week""; classified OCR ""Cashwood""",sim_editor-publisher_1956-07-28_89_31
1956,The International Syndicate,Crossword Puzzles,Staff,daily,"2 col., mimeo, variable (listing OCR ""3e"")",sim_editor-publisher_1956-07-28_89_31
1956,United Feature Syndicate,Crossword Puzzle,,daily and Sunday,"d 2 col.; S 3 col.; UFS display ad ""Crossword Puzzles""",sim_editor-publisher_1956-07-28_89_31
1956,W. L. Gordon Features,Crossword Puzzle,A. C. Gordon,weekly,"2 col. 6""",sim_editor-publisher_1956-07-28_89_31
1957,American Family Features,Animal Crosswords,Augusta Hines,daily,"2 col., variable, mat; children's classification (C10); codes AFF-MIL",sim_editor-publisher_1957-07-27_90_31
1957,American Press—Smith Service Div.,Cross Word Puzzle,Bernice Paschen,weekly,"2 col. 5"", mat/glossy proof",sim_editor-publisher_1957-07-27_90_31
1957,AP Newsfeatures,Crossword Puzzles,J. Van Cleft Cooper,daily,2 col.,sim_editor-publisher_1957-07-27_90_31
1957,Associated Newspapers,Crossword Puzzle,,daily,"2 col. 3.5""? (OCR ""3H""/""3ji"")",sim_editor-publisher_1957-07-27_90_31
1957,Associated Newspapers,Dollar Dazzler,,weekly,"3""-3.5"" mat; puzzle classification (C29); called ""Dollar Dazzler Crossword"" in 1956 Bell/AN ad",sim_editor-publisher_1957-07-27_90_31
1957,Atlas Features Syndicate,Crossword Puzzle,Staff,weekly,"2 col. 5""",sim_editor-publisher_1957-07-27_90_31
1957,Bell Syndicate,Cross-Word Puzzles,,daily and Sunday,"d 2 col. 3.75""?; S 3 col. (OCR garbled)",sim_editor-publisher_1957-07-27_90_31
1957,Bell Syndicate,Prize Crossword,,weekly,2 col.,sim_editor-publisher_1957-07-27_90_31
1957,Central Press Association (King Features),CP Crossword Puzzle,,six a week,2 col.; classified codes KFS-CP-TSS,sim_editor-publisher_1957-07-27_90_31
1957,Chicago Tribune-New York News Syndicate,Crossword Puzzles,Staff,daily and Sunday,2 col.,sim_editor-publisher_1957-07-27_90_31
1957,Community Press Service,Crossword Puzzle,Staff,weekly,"2 col. (listing OCR ""3e"")",sim_editor-publisher_1957-07-27_90_31
1957,Dominion News Bureau (Canada),Crossword Puzzle Contests,Staff,weekly,"Canadian; 2 col. 4""",sim_editor-publisher_1957-07-27_90_31
1957,Express Features Syndicate (Canada),"Prizewords Contest, Crossword Puzzles",Staff,weekly,"Canadian (Vancouver); 700 words, 2 col., mimeo, illustrated",sim_editor-publisher_1957-07-27_90_31
1957,General Features Corporation,Coinword (crossword contest),Margaret Farrar,weekly,"100 words, illustrated; GFC ad: ""conventional crossword puzzle format""",sim_editor-publisher_1957-07-27_90_31
1957,General Features Corporation,Crossword,Maynard Nichols,Sunday,"3 col. 10""; GFC display ad ""Good Daily and Sunday Crossword Puzzles Don't Just Happen""",sim_editor-publisher_1957-07-27_90_31
1957,General Features Corporation,Daily Crossword,Margaret Farrar,daily except Sunday,"2 col. 8""",sim_editor-publisher_1957-07-27_90_31
1957,General Features Corporation,Skil-Word (puzzle contest),Margaret Farrar,weekly,"100 words, illustrated; GFC ad: incorporates ""the crossword puzzle format"", two candidate answers per clue",sim_editor-publisher_1957-07-27_90_31
1957,King Features Syndicate,Bible Crossword Puzzle,,weekly,2 col.; religion classification (C31),sim_editor-publisher_1957-07-27_90_31
1957,King Features Syndicate,Criss Cross,John Manning,six a week,1 col.; may be a word puzzle rather than a crossword,sim_editor-publisher_1957-07-27_90_31
1957,King Features Syndicate,KFS Crossword Puzzle,Eugene Sheffer,six a week,2 col.,sim_editor-publisher_1957-07-27_90_31
1957,King Features Syndicate,Premier Cross Word Puzzle,Eugene Sheffer,Sunday,3 col.,sim_editor-publisher_1957-07-27_90_31
1957,King Features Syndicate,Spanish Crossword Puzzle,Staff,six a week,2 col.,sim_editor-publisher_1957-07-27_90_31
1957,National Weekly Newspaper Service,Crossword Puzzle,Staff,weekly,"2 col. 6.5""? (OCR ""6>/4""/""6%"")",sim_editor-publisher_1957-07-27_90_31
1957,NEA Service,Crossword Puzzle,Staff,daily except Sunday,"2 col. 5.25""",sim_editor-publisher_1957-07-27_90_31
1957,NEA Service,Weekly Crossword Puzzle,Staff,weekly,"2 col. 8""",sim_editor-publisher_1957-07-27_90_31
1957,New York Herald Tribune Syndicate,Cross Word Puzzle,Staff,daily and Sunday,"d 2 col. 10""; S 5 col. 12""; cryptograms on same mat",sim_editor-publisher_1957-07-27_90_31
1957,Superior Features Syndicate,Cashword Puzzle Contest (crossword contest),,"semiweekly (OCR ""sw"")","700 words, 2 col., mimeo; Superior ad: ""Crossword puzzle contest""; classified OCR ""Cashwood""",sim_editor-publisher_1957-07-27_90_31
1957,The International Syndicate,Crossword Puzzles,Staff,daily,"2 col., mimeo, variable",sim_editor-publisher_1957-07-27_90_31
1957,United Feature Syndicate,Crossword Puzzle,,daily and Sunday,"d 2 col.; S 3 col.; UFS display ad ""Crossword Puzzles""",sim_editor-publisher_1957-07-27_90_31
1957,W. L. Gordon Features,Crossword Puzzle,A. C. Gordon,weekly,"2 col. 6""",sim_editor-publisher_1957-07-27_90_31
1958,American Family Features,Animal Crosswords,Augusta Hines,daily,"2 col., variable, mat; children's classification (C10); codes AFF-MIL",sim_editor-publisher_1958-07-26_91_31_0
1958,American Press—Smith Service Div.,Cross Word Puzzle,Bernice Paschen,weekly,"2 col. 5"", mat/glossy proof",sim_editor-publisher_1958-07-26_91_31_0
1958,AP Newsfeatures,Crossword Puzzles,J. Van Cleft Cooper,daily,2 col.,sim_editor-publisher_1958-07-26_91_31_0
1958,Associated Newspapers,Crossword Puzzle,,daily,"2 col. 3.5""? (OCR ""3H""/""3‘Hi"")",sim_editor-publisher_1958-07-26_91_31_0
1958,Associated Newspapers,Dollar Dazzler,,weekly,"3""-3.5"" mat/mimeo; puzzle classification (C29); crossword contest per 1956 ad",sim_editor-publisher_1958-07-26_91_31_0
1958,Atlas Features Syndicate,Crossword Puzzle,Staff,weekly,"2 col. 5""",sim_editor-publisher_1958-07-26_91_31_0
1958,Bell Syndicate,Cross-Word Puzzles,,daily and Sunday,"d 2 col. 3.75""?; S 3 col. 6""; classified OCR ""w"" for daily",sim_editor-publisher_1958-07-26_91_31_0
1958,Bell Syndicate,Prize Crossword,,weekly,2 col.,sim_editor-publisher_1958-07-26_91_31_0
1958,Central Press Association (King Features),CP Crossword Puzzle,,six a week,2 col.; classified codes KFS-CP-TSS,sim_editor-publisher_1958-07-26_91_31_0
1958,Chicago Tribune-New York News Syndicate,Crossword Puzzles,Staff,daily and Sunday,2 col.,sim_editor-publisher_1958-07-26_91_31_0
1958,Community Press Service,Crossword Puzzle,Staff,weekly,2 col.,sim_editor-publisher_1958-07-26_91_31_0
1958,Dominion News Bureau (Canada),Crossword Puzzle Contest,Staff,weekly,"Canadian; 2 col. 4""",sim_editor-publisher_1958-07-26_91_31_0
1958,Express Features Syndicate (Canada),"Prizewords Contest, Crossword Puzzles",Staff,weekly,"Canadian (Vancouver); 700 words, 2 col., mimeo, illustrated; classified code OCR ""ET""",sim_editor-publisher_1958-07-26_91_31_0
1958,General Features Corporation,Coinword (crossword contest),Margaret Farrar,weekly,"100 words, illustrated",sim_editor-publisher_1958-07-26_91_31_0
1958,General Features Corporation,Crossword,Maynard Nichols,Sunday,"3 col. 10""; GFC display ad for ""Jumbo Weekend and Daily Crossword Puzzles""",sim_editor-publisher_1958-07-26_91_31_0
1958,General Features Corporation,Daily Crossword,Margaret Farrar,daily except Sunday,"2 col. 8""",sim_editor-publisher_1958-07-26_91_31_0
1958,General Features Corporation,Skil-Word (puzzle contest),Margaret Farrar,weekly,"100 words, illustrated; crossword-format contest per 1957 GFC ad",sim_editor-publisher_1958-07-26_91_31_0
1958,King Features Syndicate,Bible Crossword Puzzle,,weekly,2 col.; religion classification,sim_editor-publisher_1958-07-26_91_31_0
1958,King Features Syndicate,Criss Cross,John Manning,six a week,1 col.; may be a word puzzle rather than a crossword,sim_editor-publisher_1958-07-26_91_31_0
1958,King Features Syndicate,KFS Crossword Puzzle,Eugene Sheffer,six a week,2 col.,sim_editor-publisher_1958-07-26_91_31_0
1958,King Features Syndicate,Premier Cross Word Puzzle,Eugene Sheffer,Sunday,3 col.,sim_editor-publisher_1958-07-26_91_31_0
1958,King Features Syndicate,Spanish Crossword Puzzle,Staff,six a week,2 col.,sim_editor-publisher_1958-07-26_91_31_0
1958,National Weekly Newspaper Service,Crossword Puzzle,Staff,weekly,"2 col. 6.5""? (OCR ""6%"")",sim_editor-publisher_1958-07-26_91_31_0
1958,NEA Service,Crossword Puzzle,Staff,daily except Sunday,"2 col. 5.25""? (OCR ""5%""/""544"")",sim_editor-publisher_1958-07-26_91_31_0
1958,NEA Service,Weekly Crossword Puzzle,Staff,weekly,"2 col. 8""",sim_editor-publisher_1958-07-26_91_31_0
1958,New York Herald Tribune Syndicate,Cross Word Puzzle,Staff,daily and Sunday,"d 2 col. 10""; S 5 col. 12""; cryptograms on same mat",sim_editor-publisher_1958-07-26_91_31_0
1958,Superior Features Syndicate,Cashword Puzzle Contest (crossword contest),,"semiweekly (OCR ""sw"")","700 words, 2 col., mimeo; Superior ad: ""the best of all crossword puzzle contests"", now with ""Bull's-Eye Bonus""",sim_editor-publisher_1958-07-26_91_31_0
1958,The International Syndicate,Crossword Puzzles,Staff,daily,"2 col., mimeo, variable",sim_editor-publisher_1958-07-26_91_31_0
1958,United Feature Syndicate,Crossword Puzzle,,daily and Sunday,"d 2 col.; S 3 col.; UFS display ad ""Crossword Puzzles""",sim_editor-publisher_1958-07-26_91_31_0
1958,W. L. Gordon Features,Crossword Puzzle,A. C. Gordon,weekly,"2 col. 6""",sim_editor-publisher_1958-07-26_91_31_0
1959,"Adcox-Lenahan, Inc.",Animal Crosswords,Augusta Hines,,from title and author indexes only (code ALI),sim_editor-publisher_1959-07-25_92_30
1959,American Press—Smith Service Div.,Cross Word Puzzle,Bernice Paschen,weekly,"2 col. 5"", mat/glossy proof",sim_editor-publisher_1959-07-25_92_30
1959,AP Newsfeatures,Crossword Puzzles,J. Van Cleft Cooper,daily,2 col.,sim_editor-publisher_1959-07-25_92_30
1959,Associated Newspapers,Dollar Dazzler,,weekly,"3""-3.5"" mat/mimeo; Bell/AN display ad ""Dollar Dazzler Game"" under contests; no AN Crossword Puzzle entry found this year",sim_editor-publisher_1959-07-25_92_30
1959,Atlas Features Syndicate,Crossword Puzzle,Staff,weekly,"size OCR-garbled (2 col. 5"" in other years)",sim_editor-publisher_1959-07-25_92_30
1959,Bell Syndicate,Cross-Word Puzzles,,daily and Sunday,"d 2 col. 3.75""?; S 3 col. 6""; classified only, OCR garbled (""w-2c3A""); Bell/AN display ad lists ""Crosswords""",sim_editor-publisher_1959-07-25_92_30
1959,Bell Syndicate,Prize Crosswords,,weekly,"2 col.; display ad ""Prize Crossword Puzzle"" under contests",sim_editor-publisher_1959-07-25_92_30
1959,Central Press Association (King Features),CP Crossword Puzzle,,six a week,2 col.; classified codes KFS-CP-TSS,sim_editor-publisher_1959-07-25_92_30
1959,Chicago Tribune-New York News Syndicate,Crossword Puzzles,Staff,daily and Sunday,2 col.,sim_editor-publisher_1959-07-25_92_30
1959,Community Press Service,Crossword Puzzle,Staff,weekly,2 col.,sim_editor-publisher_1959-07-25_92_30
1959,Dominion News Bureau (Canada),Crossword Puzzle Contest,Staff,weekly,"Canadian; 2 col. 4""",sim_editor-publisher_1959-07-25_92_30
1959,General Features Corporation,Coinword (crossword contest),Margaret Farrar,weekly,"100 words, illustrated; GFC display ad ""Coinword Puzzle Contest""",sim_editor-publisher_1959-07-25_92_30
1959,General Features Corporation,Crossword,Maynard Nichols,Sunday,"classified OCR garbled, confirmed by title/author indexes; GFC ad for ""Jumbo Weekend and Daily Crossword Puzzles"" citing a Variety survey",sim_editor-publisher_1959-07-25_92_30
1959,General Features Corporation,Daily Crossword,Margaret Farrar,daily except Sunday,"2 col. 8""",sim_editor-publisher_1959-07-25_92_30
1959,General Features Corporation,Skil-Word (puzzle contest),Margaret Farrar,weekly,"100 words, illustrated; crossword-format contest per 1957 GFC ad",sim_editor-publisher_1959-07-25_92_30
1959,King Features Syndicate,Bible Crossword Puzzle,,weekly,2 col.; religion classification (C31),sim_editor-publisher_1959-07-25_92_30
1959,King Features Syndicate,Criss Cross,John Manning,six a week,1 col.; may be a word puzzle rather than a crossword,sim_editor-publisher_1959-07-25_92_30
1959,King Features Syndicate,KFS Crossword Puzzle,Eugene Sheffer,six a week and Sunday,2 col.; S 3 col.,sim_editor-publisher_1959-07-25_92_30
1959,King Features Syndicate,Premier Cross Word Puzzle,Eugene Sheffer,Sunday,3 col.,sim_editor-publisher_1959-07-25_92_30
1959,King Features Syndicate,Spanish Crossword Puzzle,Staff,six a week,2 col.,sim_editor-publisher_1959-07-25_92_30
1959,National Weekly Newspaper Service,Crossword Puzzle,Staff,weekly,"2 col. 6.5""? (OCR ""6%"")",sim_editor-publisher_1959-07-25_92_30
1959,NEA Service,Crossword Puzzle,Staff,daily except Sunday,"2 col. 5.25""? (OCR ""5H""/""5>4"")",sim_editor-publisher_1959-07-25_92_30
1959,NEA Service,Weekly Crossword Puzzle,Staff,weekly,"2 col. 8""",sim_editor-publisher_1959-07-25_92_30
1959,New York Herald Tribune Syndicate,Cross Word Puzzle,Staff,daily and Sunday,"d 2 col. 10""; S 5 col. 12""; cryptograms on same mat",sim_editor-publisher_1959-07-25_92_30
1959,Superior Features Syndicate,Cashword Puzzle Contest (crossword contest),,"semiweekly (OCR ""sw"")","700 words, 2 col., mimeo; Superior ad: ""the best of all crossword puzzle contests""",sim_editor-publisher_1959-07-25_92_30
1959,The International Syndicate,Crossword Puzzles,Staff,daily,"2 col., mimeo, variable",sim_editor-publisher_1959-07-25_92_30
1959,United Feature Syndicate,Crossword Puzzle,,daily and Sunday,"d 2 col.; S 3 col.; UFS display ad ""Crossword Puzzles, Daily (2 col.), Sunday (3 col.)""",sim_editor-publisher_1959-07-25_92_30
1959,W. L. Gordon Features,Crossword Puzzle,A. C. Gordon,weekly,"2 col. 6""",sim_editor-publisher_1959-07-25_92_30
1961,American Press-Smith Service Div. (code AMP),Cross Word Puzzle,Bernice Paschen,weekly,"2 col. 5"", glossy proof",sim_editor-publisher_1961-07-29_94_0
1961,AP Newsfeatures,Crossword Puzzles,J. Van Cleft Cooper,daily,2 col.,sim_editor-publisher_1961-07-29_94_0
1961,Bell Syndicate,Cross-Word Puzzle,,daily and Sunday,"d 2 col. 3 9/16""; S 3 col. 6""; Bell ad ""Daily and Sunday Crossword Puzzles""",sim_editor-publisher_1961-07-29_94_0
1961,Bell Syndicate,Crypt-A-Crossword,,Sunday,"2 col.; codes BES-DNB-KEL; crossword variant (OCR ""Orlpt-A-Crossword"")",sim_editor-publisher_1961-07-29_94_0
1961,Bell Syndicate,Prize Crosswords,,weekly,"2 col.; codes BES-DNB-KEL; Bell ad ""Prize Crossword Puzzle""",sim_editor-publisher_1961-07-29_94_0
1961,Central Press Association (King Features),CP Crossword Puzzle,,daily / six a week,2 col.; listed under CP (d) and KFS (6tw); codes KFS-CP-TSS,sim_editor-publisher_1961-07-29_94_0
1961,Chicago Tribune-New York News Syndicate,Crossword Puzzles,Staff,daily and Sunday,2 col.,sim_editor-publisher_1961-07-29_94_0
1961,Community Press Service,Crossword Puzzle,Staff,weekly,2 col.; code CPS,sim_editor-publisher_1961-07-29_94_0
1961,Dominion News Bureau (Canada),Crossword Puzzle Contest,Staff,weekly,"2 col. 4""; Canadian",sim_editor-publisher_1961-07-29_94_0
1961,Douglas Whiting Limited (Canada),Crypt-A-Crossword,Staff,weekly,2 col. 8; Canadian; crossword variant,sim_editor-publisher_1961-07-29_94_0
1961,General Features Corporation,Coinword,Margaret Farrar,weekly,puzzle contest; 100 words; author as listed (later years credit Robert Pearsall),sim_editor-publisher_1961-07-29_94_0
1961,General Features Corporation,Crossword,Maynard Nichols,Sunday,"3 col. 10""",sim_editor-publisher_1961-07-29_94_0
1961,General Features Corporation,Daily Crossword,Margaret Farrar,daily except Sunday,"2 col. 8""; GFC display ad ""Crossword Puzzles ... for Daily and Sunday use""",sim_editor-publisher_1961-07-29_94_0
1961,International Syndicate,Crossword Puzzles,Staff,daily,"2 col., various sizes",sim_editor-publisher_1961-07-29_94_0
1961,King Features Syndicate,Bible Crossword Puzzle,,weekly,2 col.; religion classification (C31),sim_editor-publisher_1961-07-29_94_0
1961,King Features Syndicate,Criss Cross,John Manning,six a week,1 col.; may be a word puzzle rather than a crossword,sim_editor-publisher_1961-07-29_94_0
1961,King Features Syndicate,KFS Crossword Puzzle,Eugene Sheffer,six a week and Sunday,2 col.; S 3 col.; codes KFS-RGB,sim_editor-publisher_1961-07-29_94_0
1961,King Features Syndicate,Premier Cross Word Puzzle,Eugene Sheffer,Sunday,3 col.,sim_editor-publisher_1961-07-29_94_0
1961,King Features Syndicate,Spanish Crossword Puzzle,Staff,six a week,2 col.,sim_editor-publisher_1961-07-29_94_0
1961,Lenahan Feature Service,Animal Crosswords,Augusta Hines,daily,"3 col., var.; children's classification (C10); author OCR ""Hinea""/""Hlneo""/""Hinas""",sim_editor-publisher_1961-07-29_94_0
1961,McClure Newspaper Syndicate,TV Crossword Puzzle,,Sunday,"2 col.; Bell/McClure ad ""TV Crosswords""",sim_editor-publisher_1961-07-29_94_0
1961,National Weekly Newspaper Service,Crossword Puzzle,Staff,weekly,"2 col. 6.25""; codes NWNS-MIL",sim_editor-publisher_1961-07-29_94_0
1961,NEA Service,Crossword Puzzle,Staff,daily except Sunday,"2 col. 5.5""; codes NEA-DNB",sim_editor-publisher_1961-07-29_94_0
1961,NEA Service,TV Crosswords Puzzle,Staff,weekly,"3 col. 8""; codes NEA-DNB",sim_editor-publisher_1961-07-29_94_0
1961,NEA Service,TV Teaser Crossword Puzzle,Staff,weekly,"3 col. 5""-4 col. 6.75""",sim_editor-publisher_1961-07-29_94_0
1961,NEA Service,Weekly Crossword Puzzle,Staff,weekly,"2 col. 8""; codes NEA-DNB",sim_editor-publisher_1961-07-29_94_0
1961,New York Herald Tribune Syndicate,Cross Word Puzzle,Staff,daily and Sunday,"d 2 col. 10""; S 5 col. 12""; codes NHT-MIL; Cryptograms on mat with crossword",sim_editor-publisher_1961-07-29_94_0
1961,Park Hill Features,Popular Crosswords,,daily and Sunday,"2 col. 4""",sim_editor-publisher_1961-07-29_94_0
1961,Superior Features Syndicate,Cashword Puzzle Contest,,semiweekly,"2 col.; 700 words; contest, crossword nature unconfirmed; classified code OCR ""SP""",sim_editor-publisher_1961-07-29_94_0
1961,United Feature Syndicate,Crossword Puzzles,,daily and Sunday,d 2 col.; S 3 col.; codes UFS-BUF,sim_editor-publisher_1961-07-29_94_0
1961,W. L. Gordon Features,Crossword Puzzle,A. C. Gordon,weekly,"2 col. 8"" (classified 2 col. 6"")",sim_editor-publisher_1961-07-29_94_0
1962,American Press-Smith Service Div. (code AMP),Cross Word Puzzle,Bernice Paschen,weekly,"2 col. 5"", glossy proof",sim_editor-publisher_1962-07-28_95_30
1962,AP Newsfeatures,Crossword Puzzles,Staff,daily,2 col.,sim_editor-publisher_1962-07-28_95_30
1962,Bell Syndicate,Cross-Word Puzzle,,daily and Sunday,"d 2 col. 3 9/16""; S 3 col. 6""; codes BES-DNB-KEL; Bell ad ""Daily and Sunday Crosswords""",sim_editor-publisher_1962-07-28_95_30
1962,Bell Syndicate,Crypt-A-Crossword,,Sunday,2 col.; codes BES-DNB-KEL; crossword variant,sim_editor-publisher_1962-07-28_95_30
1962,Bell Syndicate,Prize Crossword Puzzle,,weekly,2 col.; codes BES-DNB-KEL,sim_editor-publisher_1962-07-28_95_30
1962,Central Press Association (King Features),CP Crossword Puzzle,,daily / six a week,2 col.; listed under CP (d) and KFS (6tw); codes KFS-CP-TSS,sim_editor-publisher_1962-07-28_95_30
1962,Chicago Tribune-New York News Syndicate,Crossword Puzzles,Staff,daily and Sunday,2 col.,sim_editor-publisher_1962-07-28_95_30
1962,Community Press Service,Crossword Puzzle,Staff,weekly,2 col.; code CPS,sim_editor-publisher_1962-07-28_95_30
1962,Dominion News Bureau (Canada),Crossword Puzzle Contest,Staff,weekly,"2 col. 4""; Canadian",sim_editor-publisher_1962-07-28_95_30
1962,Douglas Whiting Limited (Canada),Crossword Puzzle,R. A. Power,daily,"2 col. 3.75""; Canadian",sim_editor-publisher_1962-07-28_95_30
1962,Douglas Whiting Limited (Canada),Crypt-A-Crossword,Staff,weekly,"2 col. 8""; Canadian; crossword variant",sim_editor-publisher_1962-07-28_95_30
1962,General Features Corporation,Coinword,Robert Pearsall,weekly,puzzle contest; 100 words,sim_editor-publisher_1962-07-28_95_30
1962,General Features Corporation,Crossword,Maynard Nichols,Sunday,"3 col. 10""",sim_editor-publisher_1962-07-28_95_30
1962,General Features Corporation,Daily Crossword,Margaret Farrar,daily except Sunday,"2 col. 8""; GFC ad: Farrar and Nichols ""daily and weekend crossword puzzle"", 2 col. daily, 3 col. jumbo Sunday",sim_editor-publisher_1962-07-28_95_30
1962,International Syndicate,Crossword Puzzles,Staff,daily,"2 col., various sizes",sim_editor-publisher_1962-07-28_95_30
1962,King Features Syndicate,Bible Crossword Puzzle,,weekly,2 col.; religion classification (C31),sim_editor-publisher_1962-07-28_95_30
1962,King Features Syndicate,Criss Cross,John Manning,six a week,1 col.; may be a word puzzle rather than a crossword; codes KFS-TSS in index,sim_editor-publisher_1962-07-28_95_30
1962,King Features Syndicate,KFS Crossword Puzzle,Eugene Sheffer,six a week and Sunday,2 col.; S 3 col.; codes KFS-RGB,sim_editor-publisher_1962-07-28_95_30
1962,King Features Syndicate,Premier Cross Word Puzzle,Eugene Sheffer,Sunday,"3 col.; by-syndicate OCR ""Premium Cross Word Puzzle""",sim_editor-publisher_1962-07-28_95_30
1962,King Features Syndicate,Spanish Crossword Puzzle,Staff,six a week,2 col.,sim_editor-publisher_1962-07-28_95_30
1962,Lenahan Feature Service,Animal Crosswords,Augusta Hines,daily,"2 col., var.; children's classification (C10)",sim_editor-publisher_1962-07-28_95_30
1962,McClure Newspaper Syndicate,TV Crossword Puzzle,,Sunday,2 col.,sim_editor-publisher_1962-07-28_95_30
1962,National Weekly Newspaper Service,Crossword Puzzle,Staff,weekly,"2 col. 6.75""; codes NWNS-MIL",sim_editor-publisher_1962-07-28_95_30
1962,NEA Service,Crossword Puzzle,Staff,daily except Sunday,"2 col. 5.5"" (OCR uncertain); codes NEA-DNB",sim_editor-publisher_1962-07-28_95_30
1962,NEA Service,TV Crosswords Puzzle,Staff,weekly,"3 col. 8""; codes NEA-DNB; classified credits Geo. Lamont (possibly OCR merge with adjacent entry)",sim_editor-publisher_1962-07-28_95_30
1962,NEA Service,TV Teaser Crossword Puzzle,Staff,weekly,"3 col. 5""-4 col. 6""; codes NEA-DNB",sim_editor-publisher_1962-07-28_95_30
1962,NEA Service,Weekly Crossword Puzzle,Staff,weekly,"2 col. 8""; codes NEA-DNB",sim_editor-publisher_1962-07-28_95_30
1962,New York Herald Tribune Syndicate,Cross Word Puzzle,Staff,daily and Sunday,"d 2 col. 10""; S 5 col. 12""; codes NHT-MIL; Cryptograms on mat with crossword",sim_editor-publisher_1962-07-28_95_30
1962,Toronto Telegram News Service (Canada),Crossword Puzzle,C. A. Gordon,weekly,"2 col. 8; Canadian; code TNS (classified OCR ""TXS""); possibly same puzzle as W. L. Gordon's",sim_editor-publisher_1962-07-28_95_30
1962,United Feature Syndicate,Crossword Puzzles,,daily and Sunday,"d 2 col.; S 3 col.; codes UFS-BUF; UFS ad ""Crosswords, Daily & Sunday""",sim_editor-publisher_1962-07-28_95_30
1962,W. L. Gordon Features,Crossword Puzzle,A. C. Gordon,weekly,"2 col. 6""; codes WLG-MS",sim_editor-publisher_1962-07-28_95_30
1963,American Press-Smith Service (code APS),Cross Word Puzzle,Bernice Paschen,weekly,"2 col. 5"", glossy proof",sim_editor-publisher_1963-07-27_96_30
1963,AP Newsfeatures,Crossword Puzzles,Staff,daily,2 col.,sim_editor-publisher_1963-07-27_96_30
1963,Bell-McClure Syndicate,Cross-Word Puzzle,,daily and Sunday,"d 2 col. 3.75""; S 3 col. 6""; codes BM-KEL-DNB; Bell-McClure ad ""Daily Crossword Puzzle""",sim_editor-publisher_1963-07-27_96_30
1963,Bell-McClure Syndicate,Crypt-A-Crossword,,Sunday,2 col.; codes BM-KEL-DNB; crossword variant,sim_editor-publisher_1963-07-27_96_30
1963,Bell-McClure Syndicate,Prize Crossword Puzzle,,weekly,2 col.; codes BM-KEL-DNB,sim_editor-publisher_1963-07-27_96_30
1963,Bell-McClure Syndicate,TV Crossword Puzzle,,,named in Bell-McClure display ad only,sim_editor-publisher_1963-07-27_96_30
1963,Central Press Association (King Features),CP Crossword Puzzle,,daily / six a week,2 col.; listed under CP (d) and KFS (6tw); codes KFS-CP-TSS,sim_editor-publisher_1963-07-27_96_30
1963,Chicago Tribune-New York News Syndicate,Crossword Puzzles,Staff,daily and Sunday,2 col.,sim_editor-publisher_1963-07-27_96_30
1963,Community and Suburban Press Service,Crossword Puzzle,Staff,weekly,"2 col. 6.5"" (OCR uncertain); codes CSP-MIL",sim_editor-publisher_1963-07-27_96_30
1963,Community Press Service,Crossword Puzzle,Staff,weekly,2 col.; code CPS,sim_editor-publisher_1963-07-27_96_30
1963,Dominion News Bureau (Canada),Crossword Puzzle Contest,Staff,weekly,"2 col. 4""; Canadian",sim_editor-publisher_1963-07-27_96_30
1963,Douglas Whiting Limited (Canada),Crossword Puzzle,R. A. Power,daily,"2 col. 3.75""; Canadian",sim_editor-publisher_1963-07-27_96_30
1963,Douglas Whiting Limited (Canada),Crypt-A-Crossword,Staff,weekly,"2 col. 8""; Canadian; crossword variant",sim_editor-publisher_1963-07-27_96_30
1963,General Features Corporation,Coinword,Robert Pearsall,weekly,puzzle contest; 100 words,sim_editor-publisher_1963-07-27_96_30
1963,General Features Corporation,Crossword,Maynard Nichols,Sunday,"3 col. 10""",sim_editor-publisher_1963-07-27_96_30
1963,General Features Corporation,Daily Crossword,Margaret Farrar,daily except Sunday,"2 col. 8""; GFC ad ""Daily and Sunday Crossword Puzzles ... the largest circulation of any in the world""",sim_editor-publisher_1963-07-27_96_30
1963,King Features Syndicate,Bible Crossword Puzzle,,weekly,2 col.; religion classification (C31),sim_editor-publisher_1963-07-27_96_30
1963,King Features Syndicate,Criss Cross,John Manning,six a week,"1 col.; may be a word puzzle rather than a crossword; codes KFS-TSS (OCR ""KPS-TEIS"")",sim_editor-publisher_1963-07-27_96_30
1963,King Features Syndicate,KFS Crossword Puzzle,Eugene Sheffer,six a week and Sunday,2 col.; S 3 col.; codes KFS-RGB,sim_editor-publisher_1963-07-27_96_30
1963,King Features Syndicate,Premier Sunday Cross Word Puzzle,Eugene Sheffer,Sunday,3 col.,sim_editor-publisher_1963-07-27_96_30
1963,King Features Syndicate,Spanish Crossword Puzzle,Staff,six a week,2 col.,sim_editor-publisher_1963-07-27_96_30
1963,NEA Service,Crossword Puzzle,Staff,daily except Sunday,"2 col. 5.5""; codes NEA-DNB",sim_editor-publisher_1963-07-27_96_30
1963,NEA Service,TV Crosswords Puzzle,Staff,weekly,"3 col. 8""; codes NEA-DNB",sim_editor-publisher_1963-07-27_96_30
1963,NEA Service,TV Teaser Crossword Puzzle,Staff,weekly,"3 col. 5""-4 col. 6.75""; codes NEA-DNB",sim_editor-publisher_1963-07-27_96_30
1963,NEA Service,Weekly Crossword Puzzle,Staff,weekly,"2 col. 8""; codes NEA-DNB",sim_editor-publisher_1963-07-27_96_30
1963,Publishers Newspaper Syndicate,Cross Word Puzzle,Staff,daily and Sunday,"d 2 col. 10""; S 5 col. 10""; codes PNS-MIL; Cryptograms on mat with crossword; PNS ad ""Crossword Puzzle""",sim_editor-publisher_1963-07-27_96_30
1963,Toronto Telegram News Service (Canada),Crossword Puzzle,C. A. Gordon,weekly,"2 col. 8; Canadian; code TNS (classified OCR ""TOS"")",sim_editor-publisher_1963-07-27_96_30
1963,United Feature Syndicate,Crossword Puzzles,,daily and Sunday,"d 2 col.; S 3 col.; codes UFS-BUF; UFS ad ""Crossword Puzzles Daily and Sunday""",sim_editor-publisher_1963-07-27_96_30
1963,W. L. Gordon Features,Crossword Puzzle,A. C. Gordon,weekly,"2 col. 6""; codes WLG-MS",sim_editor-publisher_1963-07-27_96_30
1964,Al Smith Feature Service (code SM),Cross Word Puzzle,Bernice Paschen,weekly,"2 col. 5"", glossy proof",sim_editor-publisher_1964-07-25_97_30
1964,AP Newsfeatures,Crossword Puzzles,Staff,daily,2 col.,sim_editor-publisher_1964-07-25_97_30
1964,Bell-McClure Syndicate,Cross-Word Puzzle,,daily and Sunday,"d 2 col. 3.75""; S 3 col. 6""; codes BM-KEL-DNB-MIL; Bell-McClure ad ""Crossword Puzzles - daily & Sunday""",sim_editor-publisher_1964-07-25_97_30
1964,Bell-McClure Syndicate,Crypt-A-Crossword,,Sunday,2 col.; codes BM-KEL-DNB-MIL; crossword variant,sim_editor-publisher_1964-07-25_97_30
1964,Bell-McClure Syndicate,Prize Crossword Puzzle,,weekly,2 col.; codes BM-KEL-DNB-MIL,sim_editor-publisher_1964-07-25_97_30
1964,Central Press Association (King Features),CP Crossword Puzzle,,daily / six a week,2 col.; listed under CP (d) and KFS (6tw),sim_editor-publisher_1964-07-25_97_30
1964,Chicago Tribune-New York News Syndicate,Crossword Puzzles,Staff,daily and Sunday,2 col.,sim_editor-publisher_1964-07-25_97_30
1964,Community and Suburban Press Service,Crossword Puzzle,Staff,weekly,"2 col. 6.25""; code CSP",sim_editor-publisher_1964-07-25_97_30
1964,Community Press Service,Crossword Puzzle,Staff,weekly,2 col.; code CPS,sim_editor-publisher_1964-07-25_97_30
1964,Dominion News Bureau (Canada),Crossword Puzzle Contest,Staff,weekly,"2 col. 4""; Canadian",sim_editor-publisher_1964-07-25_97_30
1964,Douglas Whiting Limited (Canada),Crossword Puzzle,R. A. Power,daily,"2 col. 3.75""; Canadian",sim_editor-publisher_1964-07-25_97_30
1964,Douglas Whiting Limited (Canada),Crypt-A-Crossword,Staff,weekly,"2 col. 8""; Canadian; crossword variant",sim_editor-publisher_1964-07-25_97_30
1964,General Features Corporation,Coinword,Robert Pearsall,weekly,puzzle contest; 100 words,sim_editor-publisher_1964-07-25_97_30
1964,General Features Corporation,Crossword,Maynard Nichols,Sunday,"3 col. 10""",sim_editor-publisher_1964-07-25_97_30
1964,General Features Corporation,Daily Crossword,Margaret Farrar,daily except Sunday,"2 col. 8""; GFC ad ""Daily and Sunday Crossword Puzzles""",sim_editor-publisher_1964-07-25_97_30
1964,King Features Syndicate,Bible Crossword Puzzle,,weekly,2 col.,sim_editor-publisher_1964-07-25_97_30
1964,King Features Syndicate,Criss Cross,John Manning,six a week,1 col.; may be a word puzzle rather than a crossword; codes KFS-TSS in index,sim_editor-publisher_1964-07-25_97_30
1964,King Features Syndicate,KFS Crossword Puzzle,Eugene Sheffer,six a week and Sunday,2 col.; S 3 col.; codes KFS-RGB-TSS in index,sim_editor-publisher_1964-07-25_97_30
1964,King Features Syndicate,Premier Sunday Cross Word Puzzle,Eugene Sheffer,Sunday,3 col.; codes KFS-TSS in index,sim_editor-publisher_1964-07-25_97_30
1964,King Features Syndicate,Spanish Crossword Puzzle,Staff,six a week,2 col.,sim_editor-publisher_1964-07-25_97_30
1964,NEA Service,Crossword Puzzle,Staff,daily except Sunday,"2 col. 5.75"" (OCR uncertain); codes NEA-DNB",sim_editor-publisher_1964-07-25_97_30
1964,NEA Service,TV Crosswords Puzzle,Staff,weekly,"3 col. 8""; codes NEA-DNB",sim_editor-publisher_1964-07-25_97_30
1964,NEA Service,TV Teaser Crossword Puzzle,Staff,weekly,"3 col. 5""-4 col. 6.5""; codes NEA-DNB",sim_editor-publisher_1964-07-25_97_30
1964,NEA Service,Weekly Crossword Puzzle,Staff,weekly,"2 col. 8""; codes NEA-DNB",sim_editor-publisher_1964-07-25_97_30
1964,Publishers Newspaper Syndicate,Cross Word Puzzle,Staff,daily and Sunday,"d 2 col. 10""; S 5 col. 10""; codes PNS-MIL-CWF; Cryptograms on mat with crossword; PNS ad ""Crossword Puzzle""",sim_editor-publisher_1964-07-25_97_30
1964,Toronto Telegram News Service (Canada),Crossword Puzzle,C. A. Gordon,weekly,2 col. 8; Canadian; code TNS,sim_editor-publisher_1964-07-25_97_30
1964,United Feature Syndicate,Crossword Puzzles,,daily and Sunday,"d 2 col.; S 3 col.; codes UFS-BUF; UFS ads ""Crosswords, Daily & Sunday""",sim_editor-publisher_1964-07-25_97_30
1964,W. L. Gordon Features,Crossword Puzzle,A. C. Gordon,weekly,"2 col. 6""; codes WLG-MS",sim_editor-publisher_1964-07-25_97_30
1965,AP Newsfeatures,Crossword Puzzles,Staff,daily,2 col.,sim_editor-publisher_1965-07-31_98_31
1965,Bell-McClure Syndicate,Cross-Word Puzzle,,daily and Sunday,d 2 col.; S 3 col.,sim_editor-publisher_1965-07-31_98_31
1965,Bell-McClure Syndicate,Prize Crossword Puzzle,,weekly,2 col.,sim_editor-publisher_1965-07-31_98_31
1965,Central Press Association (King Features),CP Crossword Puzzle,,daily / six a week,2 col.; listed under CP and KFS,sim_editor-publisher_1965-07-31_98_31
1965,Chicago Tribune-New York News Syndicate,Crossword Puzzles,Staff,daily and Sunday,2 col.,sim_editor-publisher_1965-07-31_98_31
1965,Community and Suburban Press Service,Crossword Puzzle,Staff,weekly,"2 col. 6.5""; code CSP",sim_editor-publisher_1965-07-31_98_31
1965,Community Press Service,Crossword Puzzle,Staff,weekly,code CPS,sim_editor-publisher_1965-07-31_98_31
1965,Dick Hyman,Crossword Toughies and Crossword Regulars,,seven a week,"3 col. 10""",sim_editor-publisher_1965-07-31_98_31
1965,Douglas Whiting Limited (Canada),Crossword Puzzle,R. A. Power,daily,Canadian syndicate,sim_editor-publisher_1965-07-31_98_31
1965,General Features Corporation,Coinword,Robert Pearsall,weekly,"puzzle contest; OCR ""Comword""",sim_editor-publisher_1965-07-31_98_31
1965,General Features Corporation,Crossword,Maynard Nichols,Sunday,"3 col. x 10""",sim_editor-publisher_1965-07-31_98_31
1965,General Features Corporation,Daily Crossword,Margaret Farrar,daily except Sunday,"2 col. 8""",sim_editor-publisher_1965-07-31_98_31
1965,King Features Syndicate,Criss Cross,John Manning,six a week,1 col.; may be a word puzzle rather than a crossword,sim_editor-publisher_1965-07-31_98_31
1965,King Features Syndicate,Great Books Cross Word Puzzle,,weekly,religion/other classification (C31),sim_editor-publisher_1965-07-31_98_31
1965,King Features Syndicate,KFS Crossword Puzzle,Eugene Sheffer,six a week and Sunday,2 col.; S 3 col.,sim_editor-publisher_1965-07-31_98_31
1965,King Features Syndicate,Premier Sunday Cross Word Puzzle,Eugene Sheffer,Sunday,3 col.,sim_editor-publisher_1965-07-31_98_31
1965,King Features Syndicate,Spanish Crossword Puzzle,Staff,six a week,2 col.,sim_editor-publisher_1965-07-31_98_31
1965,NEA Service,Crossword Puzzle,Staff,daily except Sunday,"2 col. 5.25""",sim_editor-publisher_1965-07-31_98_31
1965,NEA Service,TV Crosswords Puzzle,Staff,weekly,"3 col. 8""",sim_editor-publisher_1965-07-31_98_31
1965,NEA Service,TV Teaser Crossword Puzzle,Staff,weekly,3-4 col.,sim_editor-publisher_1965-07-31_98_31
1965,NEA Service,Weekly Crossword Puzzle,Staff,weekly,"2 col. 8""",sim_editor-publisher_1965-07-31_98_31
1965,Publishers Newspaper Syndicate,Cross Word Puzzle,New York Herald-Tribune Staff,daily and Sunday,"d 2 col. 10""; S 5 col. 10""",sim_editor-publisher_1965-07-31_98_31
1965,Smith-Mann Syndicate (code SM),Cross Word Puzzle,Bernice Paschen,weekly,"2 col. 5"", glossy proof",sim_editor-publisher_1965-07-31_98_31
1965,"unidentified (code OCR ""IN"")",Kitchen Krossword,Jeannette Brenner,weekly,"2 col. 3.75""",sim_editor-publisher_1965-07-31_98_31
1965,"unidentified (code OCR ""TN8"")",Crossword Puzzle,C. A. Gordon,weekly,2 col.; possibly a second listing of the Gordon puzzle,sim_editor-publisher_1965-07-31_98_31
1965,United Feature Syndicate,Crossword Puzzles,,daily and Sunday,d 2 col.; S 3 col.,sim_editor-publisher_1965-07-31_98_31
1965,W. L. Gordon Features,Crossword Puzzle,A. C. Gordon,weekly,"2 col. 6-8""",sim_editor-publisher_1965-07-31_98_31
1966,Al Smith Feature Service (code SM),Cross Word Puzzle,Bernice Paschen,weekly,"2 col. 5"", glossy proof",sim_editor-publisher_1966-07-30_99_31
1966,AP Newsfeatures,Crossword Puzzles,Staff,daily,2 col.,sim_editor-publisher_1966-07-30_99_31
1966,Bell-McClure Syndicate,Cross-Word Puzzle,,daily and Sunday,"d 2 col. 3.75""; S 3 col. 6""; codes BM-DNB-MIL",sim_editor-publisher_1966-07-30_99_31
1966,Bell-McClure Syndicate,Prize Crossword Puzzle,,weekly,"2 col.; codes BM-DNB-MIL; Bell-McClure ad ""Prize Crossword""",sim_editor-publisher_1966-07-30_99_31
1966,Central Press Association (King Features),CP Crossword Puzzle,,daily / six a week,2 col.; listed under CP (d) and KFS (6tw),sim_editor-publisher_1966-07-30_99_31
1966,Chicago Tribune-New York News Syndicate,Crossword Puzzles,Staff,daily and Sunday,2 col.,sim_editor-publisher_1966-07-30_99_31
1966,Community and Suburban Press Service,Crossword Puzzle,Staff,weekly,"2 col. 6.5""; code CSP",sim_editor-publisher_1966-07-30_99_31
1966,Community Press Service,Crossword Puzzle,Staff,weekly,2 col.; code CPS,sim_editor-publisher_1966-07-30_99_31
1966,Dominion News Bureau (Canada),Crossword Puzzle Contest,Staff,weekly,"2 col. 4""; Canadian",sim_editor-publisher_1966-07-30_99_31
1966,Douglas Whiting Limited (Canada),Crossword Puzzle,R. A. Power,daily,"2 col. 3.75""; Canadian",sim_editor-publisher_1966-07-30_99_31
1966,General Features Corporation,Coinword,Robert Pearsall,weekly,puzzle contest; 100 words,sim_editor-publisher_1966-07-30_99_31
1966,General Features Corporation,Crossword,Maynard Nichols,Sunday,"3 col. 10""",sim_editor-publisher_1966-07-30_99_31
1966,General Features Corporation,Daily Crossword,Margaret Farrar,daily except Sunday,"2 col. 8""; GFC ad ""Daily or Sunday Crosswords ... 2-col. size for daily and 3-col. size for weekends""",sim_editor-publisher_1966-07-30_99_31
1966,Independent Features Syndicate (code IN),Kitchen Krossword,Jeannette Brenner,weekly,"2 col. 3.25""-3.5""; also women's pages (C41); named in display ad; code OCR ""l.N""/""I.N""",sim_editor-publisher_1966-07-30_99_31
1966,King Features Syndicate,Criss Cross,John Manning,six a week,1 col.; may be a word puzzle rather than a crossword; codes KFS-TSS in index,sim_editor-publisher_1966-07-30_99_31
1966,King Features Syndicate,Great Books Cross Word Puzzle,,weekly,2 col.; religion/other classification (C31),sim_editor-publisher_1966-07-30_99_31
1966,King Features Syndicate,KFS Crossword Puzzle,Eugene Sheffer,six a week and Sunday,2 col.; S 3 col.; codes KFS-RGB-TSS in index,sim_editor-publisher_1966-07-30_99_31
1966,King Features Syndicate,Premier Sunday Cross Word Puzzle,Eugene Sheffer,Sunday,3 col.; codes KFS-TSS in index,sim_editor-publisher_1966-07-30_99_31
1966,King Features Syndicate,Spanish Crossword Puzzle,Staff,six a week,2 col.,sim_editor-publisher_1966-07-30_99_31
1966,NEA Service,Crossword Puzzle,Staff,daily except Sunday,"2 col. 5.25""-5.75"" (OCR uncertain); codes NEA-DNB",sim_editor-publisher_1966-07-30_99_31
1966,NEA Service,TV Crosswords Puzzle,Staff,weekly,"3 col. 8""; codes NEA-DNB",sim_editor-publisher_1966-07-30_99_31
1966,NEA Service,TV Teaser Crossword Puzzle,Staff,weekly,"3 col. 5""-4 col. 6.5""; codes NEA-DNB",sim_editor-publisher_1966-07-30_99_31
1966,NEA Service,Weekly Crossword Puzzle,Staff,weekly,"2 col. 8""; codes NEA-DNB",sim_editor-publisher_1966-07-30_99_31
1966,Publishers Newspaper Syndicate,Cross Word Puzzle,New York Herald-Tribune Staff,daily and Sunday,"d 2 col. 10""; S 5 col. 10""; codes PNS-MIL-CWF; Cryptograms on mat with crossword",sim_editor-publisher_1966-07-30_99_31
1966,United Feature Syndicate,Crossword Puzzles,,daily and Sunday,"d 2 col.; S 3 col.; codes OCR ""VFS-UPC""; UFS ads ""Crosswords, Daily & Sunday""",sim_editor-publisher_1966-07-30_99_31
1966,W. L. Gordon Features,Crossword Puzzle,A. C. Gordon,weekly,"2 col. 6""; codes WLG-MS",sim_editor-publisher_1966-07-30_99_31
1967,Al Smith Feature Service (code SM),Cross Word Puzzle,Bernice Paschen,weekly,"2 col. 5"", glossy proof",sim_editor-publisher_1967-07-29_100_30
1967,AP Newsfeatures,Crossword Puzzles,Staff,daily,2 col.,sim_editor-publisher_1967-07-29_100_30
1967,Bell-McClure Syndicate,Cross-Word Puzzle,,daily and Sunday,"d 2 col. 3.75""; S 3 col. 6""; codes BM-DNB-MIL; Bell-McClure ad ""Crossword Puzzles Daily & Sun""",sim_editor-publisher_1967-07-29_100_30
1967,Bell-McClure Syndicate,Prizeweek Crossword Puzzle,,weekly,"2 col.; classified lists ""Prizeword Puzzle Contest"" (codes BM-DNB-MIL); ad names ""Prizeweek Crossword Puzzle""",sim_editor-publisher_1967-07-29_100_30
1967,Central Press Association (King Features),CP Crossword Puzzle,,daily / six a week,2 col.; listed under CP (d) and KFS (6tw),sim_editor-publisher_1967-07-29_100_30
1967,Chicago Tribune-New York News Syndicate,Crossword Puzzles,Staff,daily and Sunday,2 col.,sim_editor-publisher_1967-07-29_100_30
1967,Community and Suburban Press Service,Crossword Puzzle,Staff,weekly,"2 col. 6.25""; code CSP",sim_editor-publisher_1967-07-29_100_30
1967,Community Press Service,Crossword Puzzle,Staff,weekly,2 col.; code CPS,sim_editor-publisher_1967-07-29_100_30
1967,Dominion News Bureau (Canada),Crossword Puzzle Contest,Staff,weekly,Canadian; size OCR garbled,sim_editor-publisher_1967-07-29_100_30
1967,Douglas Whiting Limited (Canada),Crossword Puzzle,R. A. Power,daily,"2 col. 3.75""; Canadian",sim_editor-publisher_1967-07-29_100_30
1967,Douglas Whiting Limited (Canada),Prizeweek Crossword Puzzle,Staff,weekly,2 col.; Canadian; code DWL only,sim_editor-publisher_1967-07-29_100_30
1967,General Features Corporation,Coinword,Robert Pearsall,weekly,puzzle contest; 100 words,sim_editor-publisher_1967-07-29_100_30
1967,General Features Corporation,Crossword,Maynard Nichols,Sunday,"3 col. 10""",sim_editor-publisher_1967-07-29_100_30
1967,General Features Corporation,Daily Crossword,Margaret Farrar,daily except Sunday,"2 col. 8""; GFC ad ""Daily & Sunday Crossword"", 2-col. mats or repro proofs, Sunday jumbo 3-col.",sim_editor-publisher_1967-07-29_100_30
1967,King Features Syndicate,Criss Cross,John Manning,six a week,1 col.; may be a word puzzle rather than a crossword; codes KFS-TSS in index,sim_editor-publisher_1967-07-29_100_30
1967,King Features Syndicate,Great Books Crossword Puzzle,,weekly,2 col.; listed in religion classification,sim_editor-publisher_1967-07-29_100_30
1967,King Features Syndicate,KFS Crossword Puzzle,Eugene Sheffer,six a week and Sunday,2 col.; S 3 col.; codes KFS-RGB-TSS in index,sim_editor-publisher_1967-07-29_100_30
1967,King Features Syndicate,Premier Sunday Cross Word Puzzle,Eugene Sheffer,Sunday,3 col.; codes KFS-TSS in index,sim_editor-publisher_1967-07-29_100_30
1967,King Features Syndicate,Spanish Crossword Puzzle,Staff,six a week,2 col.,sim_editor-publisher_1967-07-29_100_30
1967,NEA Service,Crossword Puzzle,Staff,daily except Sunday,"2-3 col. 5.25""-5.75"" (OCR uncertain); codes NEA-DNB",sim_editor-publisher_1967-07-29_100_30
1967,NEA Service,TV Crosswords Puzzle,Staff,weekly,"3 col. 8""; codes NEA-DNB",sim_editor-publisher_1967-07-29_100_30
1967,NEA Service,TV Teaser Crossword Puzzle,Staff,weekly,"3 col. 5""-4 col. 6.5""; codes NEA-DNB",sim_editor-publisher_1967-07-29_100_30
1967,NEA Service,Weekly Crossword Puzzle,Staff,weekly,"2 col. 8""; codes NEA-DNB",sim_editor-publisher_1967-07-29_100_30
1967,Publishers-Hall Syndicate,Cross Word Puzzle,,daily and Sunday,"d 2 col. 10""; S 5 col. 10""; codes PHS-MIL-CWF (OCR ""PHS""/""PIIS""); Cryptograms on mat with crossword",sim_editor-publisher_1967-07-29_100_30
1967,Publishers-Hall Syndicate,Quote-Acrostic,Charles Preston,weekly,"3 col.; acrostic; codes PHS-CWF; new, release Sept. 10 (E&P news item); also in Hall ad",sim_editor-publisher_1967-07-29_100_30
1967,Toronto Telegram News Service (Canada),Canadian Crossword,,weekly,"2 col. 10""; Canadian; code TNS",sim_editor-publisher_1967-07-29_100_30
1967,United Feature Syndicate,Crossword Puzzles,,daily and Sunday,"d 2 col.; S 3 col.; codes UFS-UPC; UFS ad ""Crosswords, Daily & Sunday""",sim_editor-publisher_1967-07-29_100_30
1967,W. L. Gordon Features,Crossword Puzzle,A. C. Gordon,weekly,"2 col. 6""; codes WLG-MS",sim_editor-publisher_1967-07-29_100_30
1968,Al Smith Feature Service (code SM),Cross Word Puzzle,Bernice Paschen,weekly,"2 col. 5"", glossy proof",sim_editor-publisher_1968-07-27_101_30
1968,AP Newsfeatures,Crossword Puzzles,Staff,daily,"2 col.; code OCR ""\I“.N""",sim_editor-publisher_1968-07-27_101_30
1968,Bell-McClure Syndicate,Cross-Word Puzzle,,daily and Sunday,"d 2 col. 3.5"" (OCR uncertain); S 3 col. 6""; code OCR ""B'l""; Bell-McClure ad ""Crossword Puzzles Daily & Sunday""",sim_editor-publisher_1968-07-27_101_30
1968,Bell-McClure Syndicate,Prizeweek Crossword Puzzle,,weekly,"2 col.; code OCR ""PV"" (unreadable); Bell-McClure ad; ad also mentions ""TV Crossword"" in TV package",sim_editor-publisher_1968-07-27_101_30
1968,Central Press Association (King Features),CP Crossword Puzzle,,daily / six a week,2 col.; listed under CP (d) and KFS (6tw),sim_editor-publisher_1968-07-27_101_30
1968,Chicago Tribune-New York News Syndicate,Crossword Puzzles,Staff,daily and Sunday,"2 col.; code OCR ""(T.N""",sim_editor-publisher_1968-07-27_101_30
1968,Community and Suburban Press Service,Crossword Puzzle,Staff,weekly,"2 col. 6.5"" (OCR uncertain); code OCR ""(SP""",sim_editor-publisher_1968-07-27_101_30
1968,Community Press Service,Crossword Puzzle,Staff,weekly,"2 col.; code OCR ""EPS""",sim_editor-publisher_1968-07-27_101_30
1968,Douglas Whiting Limited (Canada),Crossword Puzzle,R. A. Power,daily,"2 col. 3.5""; Canadian",sim_editor-publisher_1968-07-27_101_30
1968,Douglas Whiting Limited (Canada),Prizeweek Crossword Puzzle,Staff,weekly,"2 col.; Canadian; code OCR ""invL""",sim_editor-publisher_1968-07-27_101_30
1968,General Features Corporation,Coinword (and Treas-O-Gram) contests,Robert Pearsall,weekly,"100 words; GFC ad ""cash award crossword puzzle contests""",sim_editor-publisher_1968-07-27_101_30
1968,General Features Corporation,Crossword,Maynard Nichols,Sunday,"3 col. 10"" (OCR garbled); GFC ad calls it ""Sunday Crossword Puzzle""",sim_editor-publisher_1968-07-27_101_30
1968,General Features Corporation,Daily Crossword,Margaret Farrar,daily except Sunday,"2 col. 8""; GFC ad ""Daily Crossword Puzzle - Six times weekly in complete mat form""",sim_editor-publisher_1968-07-27_101_30
1968,King Features Syndicate,Criss Cross,John Manning,six a week,1 col.; may be a word puzzle rather than a crossword; codes KFS-TSS in index,sim_editor-publisher_1968-07-27_101_30
1968,King Features Syndicate,Great Books Cross Word Puzzle,,weekly,2 col.; religion/other classification (C31),sim_editor-publisher_1968-07-27_101_30
1968,King Features Syndicate,KFS Crossword Puzzle,Eugene Sheffer,six a week and Sunday,2 col.; S 3 col.; codes KFS-RGB-TSS in index,sim_editor-publisher_1968-07-27_101_30
1968,King Features Syndicate,Premier Sunday Cross Word Puzzle,Eugene Sheffer,Sunday,3 col.; codes KFS-TSS in index,sim_editor-publisher_1968-07-27_101_30
1968,King Features Syndicate,Spanish Crossword Puzzle,Staff,six a week,2 col.,sim_editor-publisher_1968-07-27_101_30
1968,NEA Service,Crossword Puzzle,Staff,daily except Sunday,2-3 col. (size OCR garbled),sim_editor-publisher_1968-07-27_101_30
1968,NEA Service,TV Crosswords Puzzle,Staff,weekly,"3 col. 8""; OCR poor",sim_editor-publisher_1968-07-27_101_30
1968,NEA Service,TV Teaser Crossword Puzzle,Staff,weekly,"3 col. 5""-4 col. 6""; OCR poor",sim_editor-publisher_1968-07-27_101_30
1968,NEA Service,Weekly Crossword Puzzle,Staff,weekly,"2 col. 8""; OCR poor",sim_editor-publisher_1968-07-27_101_30
1968,Publishers-Hall Syndicate,Cross Word Puzzle,,daily and Sunday,"d 2 col. 10""; S 5 col. 10""; code PHS; Cryptograms on mat with crossword; PHS ad ""Crossword Puzzle""",sim_editor-publisher_1968-07-27_101_30
1968,Publishers-Hall Syndicate,Quote-Acrostic,Charles Preston,weekly,3 col.; acrostic; code PHS; also in PHS ad,sim_editor-publisher_1968-07-27_101_30
1968,"unidentified (code OCR "",\K("")",Prize Crosswords,,weekly,2 col.; 100 words; code unread (possibly NEA; cf. 1970 ESS-NEA),sim_editor-publisher_1968-07-27_101_30
1968,United Feature Syndicate,Crossword Puzzles,,daily and Sunday,"d 2 col.; S 3 col.; code OCR ""EES""; UFS ad ""Crosswords, Daily & Sunday""",sim_editor-publisher_1968-07-27_101_30
1968,W. L. Gordon Features,Crossword Puzzle,A. C. Gordon,weekly,"2 col. 6""; codes WLG-MS",sim_editor-publisher_1968-07-27_101_30
1969,Al Smith Feature Service (code SM),Cross Word Puzzle,Bernice Paschen,weekly,"2 col., glossy proof; size OCR garbled",sim_editor-publisher_1969-07-26_102_30
1969,AP Newsfeatures,Crossword Puzzles,Staff,daily,2 col.,sim_editor-publisher_1969-07-26_102_30
1969,Bell-McClure Syndicate,Cross-Word Puzzle,,daily and Sunday,"size OCR garbled; Bell-McClure ad ""Cross Word Puzzle""",sim_editor-publisher_1969-07-26_102_30
1969,Bell-McClure Syndicate,Prizeweek Crossword Puzzle,,weekly,"2 col.; Bell-McClure ad ""Prizeword Puzzle""",sim_editor-publisher_1969-07-26_102_30
1969,Bell-McClure Syndicate,TV Puzzle,,Sunday,"2 col.; probably the TV crossword (""special TV crossword photo"" in Bell-McClure ad); crossword nature unconfirmed",sim_editor-publisher_1969-07-26_102_30
1969,Central Press Association (King Features),CP Crossword Puzzle,,daily / six a week,2 col.; listed under CP (d) and KFS (6tw),sim_editor-publisher_1969-07-26_102_30
1969,Chicago Tribune-New York News Syndicate,Crossword Puzzles,Staff,daily and Sunday,2 col.,sim_editor-publisher_1969-07-26_102_30
1969,Community and Suburban Press Service,Crossword Puzzle,Staff,weekly,"2 col. 6.5"" (OCR uncertain); code CSP",sim_editor-publisher_1969-07-26_102_30
1969,Community Press Service,Crossword Puzzle,Staff,weekly,2 col.; code CPS,sim_editor-publisher_1969-07-26_102_30
1969,Douglas Whiting Limited (Canada),Crossword Puzzle,R. A. Power,daily,2 col.; Canadian,sim_editor-publisher_1969-07-26_102_30
1969,Douglas Whiting Limited (Canada),Prizeweek Crossword Puzzle,Staff,weekly,2 col.; Canadian,sim_editor-publisher_1969-07-26_102_30
1969,General Features Corporation,Coinword (and Treas-O-Gram) contests,Robert Pearsall,weekly,"100 words; GFC ad ""cash award crossword puzzle contests""",sim_editor-publisher_1969-07-26_102_30
1969,General Features Corporation,Crossword,Maynard Nichols,Sunday,"3 col. 10""; GFC ad calls it ""Sunday Crossword Puzzle""",sim_editor-publisher_1969-07-26_102_30
1969,General Features Corporation,Daily Crossword,Margaret Farrar,daily except Sunday,"2 col. 8""; GFC ad ""Daily Crossword Puzzle - Six times weekly in complete mat form""",sim_editor-publisher_1969-07-26_102_30
1969,King Features Syndicate,Criss Cross,John Manning,six a week,may be a word puzzle rather than a crossword; title index only (code TSS),sim_editor-publisher_1969-07-26_102_30
1969,King Features Syndicate,Great Books Crossword Puzzle,,weekly,2 col.; listed in religion classification,sim_editor-publisher_1969-07-26_102_30
1969,King Features Syndicate,KFS Crossword Puzzle,Eugene Sheffer,six a week and Sunday,2 col.; S 3 col.; codes KFS-RGB in index,sim_editor-publisher_1969-07-26_102_30
1969,King Features Syndicate,Premier Sunday Cross Word Puzzle,Eugene Sheffer,Sunday,3 col.,sim_editor-publisher_1969-07-26_102_30
1969,King Features Syndicate,Spanish Crossword Puzzle,Staff,six a week,"2 col.; classified OCR merged with next entry, code lost",sim_editor-publisher_1969-07-26_102_30
1969,NEA Service,Crossword Puzzle,Staff,daily except Sunday,"2-3 col. 5.5""; NEA ad ""Puzzle Page - Daily Crossword Puzzle""",sim_editor-publisher_1969-07-26_102_30
1969,NEA Service,Prize Crosswords,,weekly,"2 col.; 100 words; NEA ad ""Prize Crosswords - Exciting puzzles for cash prizes""",sim_editor-publisher_1969-07-26_102_30
1969,NEA Service,TV Crosswords Puzzle,Staff,weekly,"3 col. 8""; NEA ad ""TV Puzzles - TV Crosswords and TV Teaser""",sim_editor-publisher_1969-07-26_102_30
1969,NEA Service,TV Teaser Crossword Puzzle,Staff,weekly,3 col.-4 col.; OCR garbled,sim_editor-publisher_1969-07-26_102_30
1969,NEA Service,Weekly Crossword Puzzle,Staff,weekly,"2 col. 8""",sim_editor-publisher_1969-07-26_102_30
1969,Publishers-Hall Syndicate,Cross Word Puzzle,,daily and Sunday,"d 2 col. 10""; S 5 col. 10"" (OCR ""oclO""); code PHS; Cryptograms on mat with crossword; PHS ad ""Crossword Puzzle""",sim_editor-publisher_1969-07-26_102_30
1969,Publishers-Hall Syndicate,Quote-Acrostic,Charles Preston,weekly,"3 col.; acrostic; code PHS (OCR ""I'HS""); PHS ad",sim_editor-publisher_1969-07-26_102_30
1969,Service Offset de Presse (Canada),Crossword Puzzle (French-English),Staff,daily,"2 col., orp; Canadian (Montreal); code SOP",sim_editor-publisher_1969-07-26_102_30
1969,United Feature Syndicate,Crossword Puzzles,,daily and Sunday,"d 2 col.; S 3 col.; UFS ads ""Crossword Puzzles Daily and Sunday""",sim_editor-publisher_1969-07-26_102_30
1969,W. L. Gordon Features,Crossword Puzzle,A. C. Gordon,weekly,"2 col. 6""; code WLG (WLG-MS in index)",sim_editor-publisher_1969-07-26_102_30
1970,AP Newsfeatures,Crossword Puzzle,Mrs. Van Cleft Cooper,daily,2 col.,sim_editor-publisher_1970-08-01_103_31
1970,Bell-McClure Syndicate,Cross-Word Puzzle,,daily and Sunday,"code BM; Bell-McClure ad: ""Daily and weekly Crossword puzzles""",sim_editor-publisher_1970-08-01_103_31
1970,Bell-McClure Syndicate / Douglas Whiting,Crossword Puzzle,R. A. Power,daily,2 col.; codes BM-DWL,sim_editor-publisher_1970-08-01_103_31
1970,Bell-McClure Syndicate / Douglas Whiting,Prizeweek Crossword Puzzle,"D. P. Whiting, D. M. Fleming",weekly,2 col.; codes BM-DWL,sim_editor-publisher_1970-08-01_103_31
1970,Buddy Basch Syndicate? (code unread),Crossword,Charles J. Basch,Sunday?,OCR merged across columns; syndicate and frequency uncertain,sim_editor-publisher_1970-08-01_103_31
1970,Central Press Association (King Features),CP Crossword Puzzle,,daily / six a week,2 col.,sim_editor-publisher_1970-08-01_103_31
1970,Chicago Tribune-New York News Syndicate,Crossword Puzzles,Staff,daily and Sunday,2 col.,sim_editor-publisher_1970-08-01_103_31
1970,Community and Suburban Press Service,Crossword Puzzle,Staff,weekly,"2 col.; code OCR ""<SP""",sim_editor-publisher_1970-08-01_103_31
1970,Community Press Service,Crossword Puzzle,Staff,weekly,"code OCR ""t'PS""",sim_editor-publisher_1970-08-01_103_31
1970,Enterprise Science Service / NEA,Prize Crosswords,,weekly,"codes ESS-NEA (OCR ""KSS-NEA"")",sim_editor-publisher_1970-08-01_103_31
1970,General Features Corporation,Coinword (and Treas-O-Gram) contests,Robert Pearsall,weekly,"""cash award crossword puzzle contests"" per GFC ad",sim_editor-publisher_1970-08-01_103_31
1970,General Features Corporation,Daily Crossword,Margaret Farrar & Maynard Nichols,daily except Sunday,"2 col. 8""; GFC ad ""Daily Crossword Puzzle - Six times weekly""",sim_editor-publisher_1970-08-01_103_31
1970,General Features Corporation,Quote Acrostic,Charles Preston,weekly,named in GFC ad and author index; acrostic,sim_editor-publisher_1970-08-01_103_31
1970,General Features Corporation,Sunday Crossword Puzzle,Maynard Nichols,Sunday,"3 col. 10""",sim_editor-publisher_1970-08-01_103_31
1970,King Features Syndicate,Bible Crossword Puzzle,,,named in KFS display ad,sim_editor-publisher_1970-08-01_103_31
1970,King Features Syndicate,Great Books Crossword Puzzle,,weekly,2 col.,sim_editor-publisher_1970-08-01_103_31
1970,King Features Syndicate,KFS Crossword Puzzle,Eugene Sheffer,six a week and Sunday,"2 col.; S 3 col.; KFS ad: ""Two 2-col. daily puzzles and a 3-col. Sunday Puzzle""",sim_editor-publisher_1970-08-01_103_31
1970,King Features Syndicate,Premier Sunday Cross Word Puzzle,Eugene Sheffer,Sunday,3 col.,sim_editor-publisher_1970-08-01_103_31
1970,King Features Syndicate,Spanish Crossword Puzzle,Staff,six a week,2 col.; classified section OCR merged across columns,sim_editor-publisher_1970-08-01_103_31
1970,Miller Services (Canada),Cryptic Crossword,Staff,weekly,"Canadian; cryptic (out of scope, recorded only)",sim_editor-publisher_1970-08-01_103_31
1970,Miller Services (Canada),Quizword-Crossword,,daily,Canadian,sim_editor-publisher_1970-08-01_103_31
1970,NEA,Crossword Puzzle,Staff,daily except Sunday,"2-3 col. 5.25""; OCR merged",sim_editor-publisher_1970-08-01_103_31
1970,NEA,TV Crosswords Puzzle,Staff,weekly,"3 col. 8""",sim_editor-publisher_1970-08-01_103_31
1970,NEA,TV Teaser Crossword Puzzle,Staff,weekly,3-4 col.,sim_editor-publisher_1970-08-01_103_31
1970,NEA,Weekly Crossword Puzzle,Staff,weekly,"2 col. 8""; OCR merged",sim_editor-publisher_1970-08-01_103_31
1970,Publishers Newspaper Syndicate,Cross Word Puzzle,,daily and Sunday,"d 2 col. 10""; S 5 col. 10""; code OCR ""Plls""; with Cryptograms on mat",sim_editor-publisher_1970-08-01_103_31
1970,Smith-Mann / Al Smith (code SM),Crossword Puzzle,Bernice Paschen,weekly,"2 col. 5.5""",sim_editor-publisher_1970-08-01_103_31
1970,unidentified,Crossword Puzzle,Jane Sherrod Singer,biweekly?,"2 col. 7.5""; OCR merged; probably BP Singer Features",sim_editor-publisher_1970-08-01_103_31
1970,"unidentified (code OCR ""SOP"")",Crossword Puzzle (French-English),Staff,daily,2 col.; OCR merged,sim_editor-publisher_1970-08-01_103_31
1970,United Feature Syndicate,Crossword Puzzles,,daily and Sunday,"d 2 col.; S 3 col.; UFS ad ""CROSSWORD PUZZLES Daily and Sunday""",sim_editor-publisher_1970-08-01_103_31
1970,W. L. Gordon Features,Crossword Puzzle,A. C. Gordon,weekly,"2 col. 8""; codes WLG-MS",sim_editor-publisher_1970-08-01_103_31
1971,Al Smith Feature Service,Crossword Puzzle,Bernice Paschen,weekly,"2 col. 5""",sim_editor-publisher_1971-07-31_104_31
1971,AP Newsfeatures,Crossword Puzzles,Nina Cooper,daily except Sunday,2 col.,sim_editor-publisher_1971-07-31_104_31
1971,Bell-McClure Syndicate,Cross-Word Puzzle,,daily and Sunday,"d 2 col. (depth OCR unclear); S 3 col. 6""; BM ad lists ""Crossword Puzzles""",sim_editor-publisher_1971-07-31_104_31
1971,Bell-McClure Syndicate,Prizeweek Crossword Puzzle,,weekly,"1 col.; BM ad ""Prizeweek Puzzle""",sim_editor-publisher_1971-07-31_104_31
1971,Central Press Association (King Features),CP Crossword Puzzle,,six a week,2 col.; code KFS,sim_editor-publisher_1971-07-31_104_31
1971,Chicago Tribune-New York News Syndicate,Crossword Puzzles,Staff,daily and Sunday,2 col.,sim_editor-publisher_1971-07-31_104_31
1971,Community and Suburban Press Service,Crossword Puzzle,Staff,weekly,"2 col. 6""",sim_editor-publisher_1971-07-31_104_31
1971,Community Press Service,Crossword Puzzle,Staff,weekly,"2 col. 6""",sim_editor-publisher_1971-07-31_104_31
1971,Douglas Whiting (Canada),Daily Crossword,R. A. Power,daily,"Canadian; 2 col.; code OCR ""DW'L""",sim_editor-publisher_1971-07-31_104_31
1971,Douglas Whiting (Canada),Prizeweek Crossword Puzzle,Staff,weekly,Canadian; 2 col.; code DWL,sim_editor-publisher_1971-07-31_104_31
1971,Express Features Syndicate,Prizewords,Staff,weekly,"2 col.; title only, crossword status unconfirmed; code EFS",sim_editor-publisher_1971-07-31_104_31
1971,General Features Corporation,Coinword (and Treas-O-Gram) contests,Robert B. Pearsall,weekly,"GFC ad: ""cash award crossword puzzle contests""",sim_editor-publisher_1971-07-31_104_31
1971,General Features Corporation,Daily Crossword,Margaret Farrar & Maynard Nichols,daily except Sunday,"2 col. 8""; GFC ad ""Daily Crossword Puzzle - Six times weekly""",sim_editor-publisher_1971-07-31_104_31
1971,General Features Corporation,Quote-Acrostic,Charles Preston,weekly,"3 col. 10""; acrostic; in GFC ad; classified code OCR ""PHS"", author index ""LAT""",sim_editor-publisher_1971-07-31_104_31
1971,General Features Corporation,Sunday Crossword Puzzle,Maynard Nichols,Sunday,"3 col. 10""",sim_editor-publisher_1971-07-31_104_31
1971,King Features Syndicate,Great Books Crossword Puzzle,,weekly,2 col.,sim_editor-publisher_1971-07-31_104_31
1971,King Features Syndicate,KFS Crossword Puzzle,Eugene Sheffer,six a week,"2 col.; OCR ""Shelter""; KFS ad: ""Two 2-col. daily puzzles and a 3-col. Sunday Puzzle""",sim_editor-publisher_1971-07-31_104_31
1971,King Features Syndicate,Premier Sunday Cross Word Puzzle,Eugene Sheffer,Sunday,3 col.,sim_editor-publisher_1971-07-31_104_31
1971,King Features Syndicate,Spanish Crossword Puzzle,Jonny Ramos Rodriquez,six a week,2 col.,sim_editor-publisher_1971-07-31_104_31
1971,King Features Syndicate,Spanish Crossword Puzzle,Homero Alfaro,six a week,2 col.; second Spanish puzzle,sim_editor-publisher_1971-07-31_104_31
1971,Media Features Syndicate,Sports Puzzle,Bob Bowie,weekly,"2 col. 7""; Media Features ad: ""Weekly crossword puzzle coordinated with the major sports event""",sim_editor-publisher_1971-07-31_104_31
1971,Miller Services (Canada),Crosswords,,daily and Sunday,"Canadian; 2 col. 10"" / 5 col. 10""",sim_editor-publisher_1971-07-31_104_31
1971,Miller Services (Canada),Quizword-Crossword,,daily,"Canadian; 2 col. 6""",sim_editor-publisher_1971-07-31_104_31
1971,NEA (Newspaper Enterprise Association),Crossword Puzzles,Puzzle Staff,daily except Sunday,"2/3 col.; NEA ad ""Daily crossword puzzles""",sim_editor-publisher_1971-07-31_104_31
1971,NEA (Newspaper Enterprise Association),Prize Crosswords,,,"display ad only; ""Exciting puzzles for cash prizes""",sim_editor-publisher_1971-07-31_104_31
1971,NEA (Newspaper Enterprise Association),TV Crosswords,,,"display ad only; NEA ad ""TV Puzzles - TV Crosswords and TV Teaser television puzzles""",sim_editor-publisher_1971-07-31_104_31
1971,NEA (Newspaper Enterprise Association),TV Teaser,,,"display ad only; television puzzle, crossword status unconfirmed (listed as crossword in 1970)",sim_editor-publisher_1971-07-31_104_31
1971,United Feature Syndicate,Crossword Puzzles,,daily and Sunday,"2/3 col.; UFS ads ""CROSSWORD PUZZLES Daily and Sunday"", ""CROSSWORDS D/S""",sim_editor-publisher_1971-07-31_104_31
1971,W. L. Gordon Features,Crossword Puzzle,A. C. Gordon,weekly,"2 col. 6""",sim_editor-publisher_1971-07-31_104_31
1972,Al Smith Feature Service,Crossword Puzzle,Bernice Paschen,weekly,2 col.; listed under cartoons,sim_editor-publisher_1972-07-29_105_31
1972,AP Newsfeatures,Crossword Puzzles,Nina Cooper,daily except Sunday,,sim_editor-publisher_1972-07-29_105_31
1972,Chicago Tribune-New York News Syndicate,Chicago Tribune Crossword,Staff,seven a week,"2 col.; code OCR ""(TN""",sim_editor-publisher_1972-07-29_105_31
1972,Chicago Tribune-New York News Syndicate,New York News Crossword,Staff,six a week,2 col.,sim_editor-publisher_1972-07-29_105_31
1972,Chicago Tribune-New York News Syndicate,Sports Puzzle,Bob Bowie,six a week,2 col.; sports crossword (Media Features in 1971),sim_editor-publisher_1972-07-29_105_31
1972,Chicago Tribune-New York News Syndicate,The Daily Crossword,"William Gant, editor",daily,2 col.,sim_editor-publisher_1972-07-29_105_31
1972,Chicago Tribune-New York News Syndicate,The Sunday Crossword,"William Gant, editor",Sunday,3 col.,sim_editor-publisher_1972-07-29_105_31
1972,Community and Suburban Press Service,Crossword,Staff,weekly,"2 col. 6""",sim_editor-publisher_1972-07-29_105_31
1972,Copley News Service,Crossword Puzzle (Dell),Dell,weekly?,"2 col. 3""; frequency OCR unclear",sim_editor-publisher_1972-07-29_105_31
1972,Douglas Whiting (Canada),Crossword Puzzle,R. A. Power,daily,Canadian; 2 col.,sim_editor-publisher_1972-07-29_105_31
1972,Douglas Whiting (Canada),Prizeweek,B. B. Considine,weekly,Canadian; 2 col.,sim_editor-publisher_1972-07-29_105_31
1972,Enterprise Features (NEA),Prize Crosswords,,,"display ad only; ""exciting puzzles for cash prizes""",sim_editor-publisher_1972-07-29_105_31
1972,Enterprise Features (NEA),TV Crossword,,,"display ad only; NEA ad ""TV Puzzles, TV Crossword and TV Teaser Puzzles""",sim_editor-publisher_1972-07-29_105_31
1972,Express Features Syndicate,Prizewords,Staff,weekly,"2 col.; code OCR ""EPS"" (EFS?); title only, crossword status unconfirmed",sim_editor-publisher_1972-07-29_105_31
1972,General Features Corporation,Coinword (and Treas-O-Gram) contests,Robert B. Pearsall,weekly,"GFC ad: ""cash award crossword puzzle contests""",sim_editor-publisher_1972-07-29_105_31
1972,General Features Corporation,Daily Crossword,Margaret Farrar & Betty Nichols,daily except Sunday,"2 col. 8""; GFC ad ""Daily Crossword Puzzle - Six times weekly""",sim_editor-publisher_1972-07-29_105_31
1972,General Features Corporation,Sunday Crossword Puzzle,Margaret Farrar & Betty Nichols,Sunday,"3 col. 10""",sim_editor-publisher_1972-07-29_105_31
1972,King Features Syndicate,Crossword Puzzle with Cryptoquips,Eugene Sheffer,daily,"2 col.; KFS ad: ""Two 2-col. daily puzzles and a 3-col. Sunday Puzzle""",sim_editor-publisher_1972-07-29_105_31
1972,King Features Syndicate,Crossword Puzzle with Cryptoquotes,Thomas Joseph,daily,2 col.,sim_editor-publisher_1972-07-29_105_31
1972,King Features Syndicate,Great Books Crossword Puzzle,Eugene Sheffer,Sunday,2 col.,sim_editor-publisher_1972-07-29_105_31
1972,King Features Syndicate,Premier Crossword Puzzle with Cryptoquip,Jo Paquin,Sunday,3 col.,sim_editor-publisher_1972-07-29_105_31
1972,King Features Syndicate,Spanish Crossword Puzzle,Jonny Ramos Rodriquez,six a week,2 col.,sim_editor-publisher_1972-07-29_105_31
1972,King Features Syndicate,Spanish Crossword Puzzle,Homero Alfaro,six a week,2 col.; second Spanish puzzle,sim_editor-publisher_1972-07-29_105_31
1972,Los Angeles Times Syndicate,Quote-Acrostic,Charles Preston,weekly,"3 col. 10""; acrostic; also in GFC ad",sim_editor-publisher_1972-07-29_105_31
1972,Mark Morgan Syndicated Features,Weekly Crossword,W. Walker,weekly,"2 col. 6.75""?; code OCR ""MON""/""MGN""",sim_editor-publisher_1972-07-29_105_31
1972,Miller Services (Canada),Quizword-Crossword,,,Canadian; title index only,sim_editor-publisher_1972-07-29_105_31
1972,NEA (Newspaper Enterprise Association),Crossword puzzle,,six a week,"display ad only; NEA ad ""Crossword puzzle. 6w""",sim_editor-publisher_1972-07-29_105_31
1972,New York Times Special Features,Current Crostic,Sylvia Levinsohn,weekly,"acrostic; author index ""Levinson""",sim_editor-publisher_1972-07-29_105_31
1972,New York Times Special Features,New York Times Crossword,,daily,"NYT ad: ""seven-day puzzle package comprising The Times crossword and an unstuffy new crostic""",sim_editor-publisher_1972-07-29_105_31
1972,Newsco Press Features,Sportsword Puzzle,Frank Dillon,weekly or monthly,"2 col. 10""?; crossword status unconfirmed",sim_editor-publisher_1972-07-29_105_31
1972,Pat Anderson Features,Crossword Puzzle,Suzanne Craver,weekly,"2 col. 5""; code OCR ""AND"" (key's A section illegible); Pat Anderson classified ad offers crossword puzzle",sim_editor-publisher_1972-07-29_105_31
1972,United Feature Syndicate,Crossword Puzzle No. 1,,daily and Sunday,"code OCR ""I'FS""; UFS ad ""CROSSWORD PUZZLES, Daily & Sunday""",sim_editor-publisher_1972-07-29_105_31
1972,United Feature Syndicate,Crossword Puzzle No. 2,,daily and Sunday,"code OCR ""I'FS""",sim_editor-publisher_1972-07-29_105_31
1972,United Feature Syndicate,Prizeweek Puzzle,,weekly,in UFS ad,sim_editor-publisher_1972-07-29_105_31
1972,W. L. Gordon Features,Crossword Puzzle,A. C. Gordon,weekly,"2 col. 6""",sim_editor-publisher_1972-07-29_105_31
1973,Al Smith Feature Service,Crossword Puzzle,Bernice Paschen,weekly,2 col.,editor-publisher_1973-07-28_106_31
1973,AP Newsfeatures,Crossword Puzzles,Nina Cooper,daily except Sunday,,editor-publisher_1973-07-28_106_31
1973,Chicago Tribune-New York News Syndicate,Chicago Tribune Crossword,Staff,seven a week,"2 col.; code OCR ""OLN""; CTN ad",editor-publisher_1973-07-28_106_31
1973,Chicago Tribune-New York News Syndicate,New York News Crossword,Staff,six a week,2 col.,editor-publisher_1973-07-28_106_31
1973,Chicago Tribune-New York News Syndicate,The Daily Crossword,Bob Gillespie,daily,"2 col.; misfiled under Radio and Television; CTN ad ""THE Daily Crossword""",editor-publisher_1973-07-28_106_31
1973,Chicago Tribune-New York News Syndicate,The Sunday Crossword,Bob Gillespie,Sunday,3 col.; misfiled under Radio and Television,editor-publisher_1973-07-28_106_31
1973,Community and Suburban Press Service,Crossword,Staff,weekly,"2 col. 6""",editor-publisher_1973-07-28_106_31
1973,Copley News Service,Crossword Puzzle,Dell,weekly,"2 col. 3""",editor-publisher_1973-07-28_106_31
1973,Douglas Whiting (Canada),Daily Crossword Puzzle,R. A. Power,daily except Sunday,"Canadian; 2 col. 3.5""; author/code OCR garbled, author from index",editor-publisher_1973-07-28_106_31
1973,Douglas Whiting (Canada),Prizeweek,B. B. Considine,weekly,Canadian; 2 col.,editor-publisher_1973-07-28_106_31
1973,Enterprise Features (NEA),Prize Crosswords,,,"display ad only; ""exciting puzzles for cash prizes""",editor-publisher_1973-07-28_106_31
1973,Enterprise Features (NEA),TV Crossword,,,"display ad only; NEA ad ""TV Puzzles, TV Crossword and TV Teaser Puzzles""",editor-publisher_1973-07-28_106_31
1973,Enterprise Sunday Features (NEA),Diagramless,,,display ad only,editor-publisher_1973-07-28_106_31
1973,Enterprise Sunday Features (NEA),Theme Crossword,,,display ad only,editor-publisher_1973-07-28_106_31
1973,King Features Syndicate,Crossword Puzzle with Cryptoquips,Eugene Sheffer,daily,"2 col.; author OCR garbled in classified, from title index; KFS ad: ""Two 2-col. daily puzzles and a 3-col. Sunday Puzzle""",editor-publisher_1973-07-28_106_31
1973,King Features Syndicate,Crossword Puzzles with Cryptoquotes,Thomas Joseph,daily,2 col.,editor-publisher_1973-07-28_106_31
1973,King Features Syndicate,Great Books Crossword Puzzle,Eugene Sheffer,,author index only,editor-publisher_1973-07-28_106_31
1973,King Features Syndicate,Premier Crossword Puzzle with Cryptoquip,Jo Paquin,Sunday,3 col.,editor-publisher_1973-07-28_106_31
1973,King Features Syndicate,Spanish Crossword Puzzle,Ramos,six a week,2 col.,editor-publisher_1973-07-28_106_31
1973,King Features Syndicate,Spanish Crossword Puzzle,Alfaro,six a week,"2 col.; second Spanish puzzle; KFS ad ""Also a Spanish Puzzle""",editor-publisher_1973-07-28_106_31
1973,Los Angeles Times Syndicate,Daily Crossword Puzzle,,six a week,"display ad only; LAT ad ""Six times weekly in complete mat or reproduction proof form"" (formerly General Features)",editor-publisher_1973-07-28_106_31
1973,Los Angeles Times Syndicate,Quote-Acrostic,Charles Preston,weekly,"3 col. 10""; acrostic; also in LAT ad",editor-publisher_1973-07-28_106_31
1973,Los Angeles Times Syndicate,Sunday Crossword Puzzle,Margaret Farrar & Betty Nichols,Sunday,"in LAT ad; title index entry, code not captured",editor-publisher_1973-07-28_106_31
1973,Los Angeles Times Syndicate (General Features),Coinword (and Treas-O-Gram) contests,Robert Pearsall,weekly,"LAT ad: ""cash award crossword puzzle contests""; title index codes OCR ""SGC"" (GFC) and GFC",editor-publisher_1973-07-28_106_31
1973,Mark Morgan Syndicated Features,Crossword Puzzle,Warren Walker,weekly,2 col.,editor-publisher_1973-07-28_106_31
1973,Media Express,Crossword Puzzles,Dave Bascom,weekly,"2 col. 5.25""; code MED",editor-publisher_1973-07-28_106_31
1973,Miller Services (Canada),Quizword-Crossword,,daily,"Canadian; 2 col. 6""",editor-publisher_1973-07-28_106_31
1973,NEA (Newspaper Enterprise Association),Crossword Puzzle,,daily except Sunday,"3 col. 7.25"" / 2 col. 5.5""; NEA ad ""Crossword puzzle. 6w""",editor-publisher_1973-07-28_106_31
1973,New York Times Special Features Syndicate,Crossword Puzzle,,daily,"2 col.; NYT ad ""The New York Times Crossword Puzzle - world's most accurate and exacting""",editor-publisher_1973-07-28_106_31
1973,New York Times Special Features Syndicate,Current Crostic,Sylvia A. Levinsohn,Sunday,acrostic; in NYT ad,editor-publisher_1973-07-28_106_31
1973,Newsco Press Features,Sportsword Puzzle,Frank Dillon,weekly or monthly,"2 col. 16""?; crossword status unconfirmed",editor-publisher_1973-07-28_106_31
1973,Pat Anderson Features,Crossword Puzzle,Suzanne Craver,,title index only,editor-publisher_1973-07-28_106_31
1973,unidentified,Bible Crossword Puzzle,James Alt,,title index only; code OCR illegible,editor-publisher_1973-07-28_106_31
1973,unidentified,Sports Crossword,Bob Kay,weekly,"2 col. 7""; code not captured",editor-publisher_1973-07-28_106_31
1973,United Feature Syndicate,Crossword Puzzles,,daily and Sunday,"d 2 col. 6""; S 3 col. 11""; UFS ad ""Crossword Puzzler""",editor-publisher_1973-07-28_106_31
1973,United Feature Syndicate,Prizeweek Puzzle,,Sunday,"2 col. 3""; UFS ad ""Prizeweek""",editor-publisher_1973-07-28_106_31
1973,United Feature Syndicate,Today's Crossword,,daily and Sunday,"d 2 col. 9""; S 3 col. 12""",editor-publisher_1973-07-28_106_31
1973,W. L. Gordon Features / Editor's Copy Syndicate,Crossword Puzzle,A. C. Gordon,weekly,"2 col. 7""; listed under both WLG and EDC",editor-publisher_1973-07-28_106_31
1974,Al Smith Feature Service,Crossword Puzzle,Bernice Paschen,weekly,"2 col.; code OCR ""Sil""/""SAI""",sim_editor-publisher_1974-07-27_107_30
1974,AP Newsfeatures,Crossword Puzzle,Nina Cooper,daily except Sunday,,sim_editor-publisher_1974-07-27_107_30
1974,Chicago Tribune-New York News Syndicate,The Daily Crossword,Bob Gillespie,daily,2 col.; misfiled under Radio and Television; CTN ad,sim_editor-publisher_1974-07-27_107_30
1974,Chicago Tribune-New York News Syndicate,The Sunday Crossword,Bob Gillespie,Sunday,3 col.; misfiled under Radio and Television,sim_editor-publisher_1974-07-27_107_30
1974,Community and Suburban Press Service,Crossword Puzzle,Staff,weekly,"2 col. 7""",sim_editor-publisher_1974-07-27_107_30
1974,Copley News Service,Crossword Puzzle,Dell,weekly,"2 col. 3""",sim_editor-publisher_1974-07-27_107_30
1974,Douglas Whiting (Canada),Prizeweek,B. B. Considine,weekly,Canadian; 2 col.,sim_editor-publisher_1974-07-27_107_30
1974,Editor's Copy Syndicate,Crossword Puzzle,A. C. Gordon,weekly,"2 col. 7.25""",sim_editor-publisher_1974-07-27_107_30
1974,Enterprise Features (NEA),Prize Cross Words,,,display ad only,sim_editor-publisher_1974-07-27_107_30
1974,Enterprise Features (NEA),TV Crossword,,,"display ad only; NEA ad also ""TV Teaser Puzzles""",sim_editor-publisher_1974-07-27_107_30
1974,Enterprise Sunday Features (NEA),ESF Diagramless Puzzle,,weekly,"3 col. 6""",sim_editor-publisher_1974-07-27_107_30
1974,Enterprise Sunday Features (NEA),ESF Weekly Crosswords,,weekly,"NEA ad ""Theme Crossword""",sim_editor-publisher_1974-07-27_107_30
1974,Enterprise Sunday Features (NEA),Find-a-Quote Acrostic Puzzle,Elbert Wortman,weekly,"3 col. 12"" / 6 col. 6""; acrostic",sim_editor-publisher_1974-07-27_107_30
1974,General Features Corporation (Los Angeles Times Syndicate),Coinword (and Treas-O-Gram) contests,Robert Pearsall,weekly,"LAT/GFC ad: ""cash award crossword puzzle contests""",sim_editor-publisher_1974-07-27_107_30
1974,General Features Corporation (Los Angeles Times Syndicate),Daily Crossword Puzzle,Margaret Farrar and Betty Nichols,daily except Sunday,"2 col. 8""; joint LAT/GFC ad ""Six times weekly""",sim_editor-publisher_1974-07-27_107_30
1974,General Features Corporation (Los Angeles Times Syndicate),Sunday Crossword Puzzle,Margaret Farrar and Betty Nichols,Sunday,"3 col. 10""",sim_editor-publisher_1974-07-27_107_30
1974,King Features Syndicate,Crossword Puzzle with Cryptoquips,Eugene Sheffer,daily,"2 col.; KFS ad: ""Two 2-col. daily puzzles and a 3-col. Sunday Puzzle""",sim_editor-publisher_1974-07-27_107_30
1974,King Features Syndicate,Crossword Puzzle with Cryptoquotes,Thomas Joseph,daily,2 col.,sim_editor-publisher_1974-07-27_107_30
1974,King Features Syndicate,Premier Crossword Puzzle with Cryptoquips,Jo Paquin,Sunday,3 col.,sim_editor-publisher_1974-07-27_107_30
1974,King Features Syndicate,Spanish Crossword Puzzle,Ramos,daily,2 col.,sim_editor-publisher_1974-07-27_107_30
1974,King Features Syndicate,Spanish Crossword Puzzle,Alfaro,six a week,"2 col.; second Spanish puzzle; KFS ad ""Also a Spanish Puzzle""",sim_editor-publisher_1974-07-27_107_30
1974,Los Angeles Times Syndicate,Quote-Acrostic,Charles Preston,weekly,"3 col. 10""; acrostic; also in LAT/GFC ad",sim_editor-publisher_1974-07-27_107_30
1974,Mark Morgan Syndicated Features,Crossword Puzzle,Catherine Desatta,weekly,2 col.,sim_editor-publisher_1974-07-27_107_30
1974,Miller Services (Canada),Quizword-Crossword,,daily,"Canadian; 2 col. 6""",sim_editor-publisher_1974-07-27_107_30
1974,NEA (Newspaper Enterprise Association),Crossword Puzzle,,daily except Sunday,"3 col. 7.25"" / 2 col. 5.75""; NEA ad ""DAILY CROSSWORDS ... (6w)""",sim_editor-publisher_1974-07-27_107_30
1974,New York Times Special Features Syndicate,Current Crostic,Sylvia A. Levinsohn,Sunday,"acrostic; NYT ad ""Just the thing for your Sunday puzzle page""",sim_editor-publisher_1974-07-27_107_30
1974,New York Times Special Features Syndicate,New York Times Crossword Puzzle,,daily and Sunday,"2 col.; classified ""d""; NYT ad ""daily and Sunday crossword puzzle""",sim_editor-publisher_1974-07-27_107_30
1974,Pat Anderson Features,Crossword Puzzle,Suzanne Craver,weekly,2 col.,sim_editor-publisher_1974-07-27_107_30
1974,Spadea Syndicate,Cross Word Puzzles,,,"display ad only; Spadea ad ""New Offerings ... Cross Word Puzzles 2""x2""""",sim_editor-publisher_1974-07-27_107_30
1974,Suburban Features,10-Minute Crossword Puzzle,,weekly,"2 col. 7""",sim_editor-publisher_1974-07-27_107_30
1974,Sun Syndicate,Sports Crossword,Bob Kay,weekly,"2 col. 11""",sim_editor-publisher_1974-07-27_107_30
1974,United Feature Syndicate,Crossword Puzzler,,daily and Sunday,"d 2 col. 6""; S 3 col. 11""?; UFS ad",sim_editor-publisher_1974-07-27_107_30
1974,United Feature Syndicate,Prizeweek Puzzle,,Sunday,"2 col. 3""; UFS ad ""PRIZEWEEK PUZZLE""",sim_editor-publisher_1974-07-27_107_30
1974,United Feature Syndicate,Today's Crossword,,daily and Sunday,"d 2 col. 9""; S 3 col. 12""; UFS ad",sim_editor-publisher_1974-07-27_107_30
1975,Al Smith Feature Service,Crossword Puzzle,Bernice Paschen,weekly,2 col.,sim_editor-publisher_1975-07-26_108_30
1975,AP Newsfeatures,Crossword Puzzle,Nina Cooper,daily except Sunday,,sim_editor-publisher_1975-07-26_108_30
1975,Chicago Tribune-New York News Syndicate,The Daily Crossword,"Herb Ettenson, Editor",six a week,1 col.?,sim_editor-publisher_1975-07-26_108_30
1975,Chicago Tribune-New York News Syndicate,The Sunday Crossword,"Herb Ettenson, Editor",Sunday,,sim_editor-publisher_1975-07-26_108_30
1975,Community and Suburban Press Service,Crossword,Staff,weekly,"2 col. 7.5""",sim_editor-publisher_1975-07-26_108_30
1975,Enterprise Features (NEA),Diagramless Puzzle,,weekly,"3 col. 5.5""",sim_editor-publisher_1975-07-26_108_30
1975,Enterprise Features (NEA),Prize Crosswords,Staff,weekly,"2 col. 3.75""",sim_editor-publisher_1975-07-26_108_30
1975,Enterprise Features (NEA),Theme Crossword,,weekly,"3 col. 5.75""",sim_editor-publisher_1975-07-26_108_30
1975,Enterprise Sunday Features (NEA),Sunday Crossword,,Sunday,,sim_editor-publisher_1975-07-26_108_30
1975,King Features Syndicate,Crossword Puzzle with Cryptoquips,Eugene Sheffer,daily,2 col.,sim_editor-publisher_1975-07-26_108_30
1975,King Features Syndicate,Crossword Puzzle with Cryptoquips,Thomas Joseph,daily,2 col.,sim_editor-publisher_1975-07-26_108_30
1975,King Features Syndicate,Premier Crossword Puzzle with Cryptoquips,Jo Paquin,Sunday,3 col.,sim_editor-publisher_1975-07-26_108_30
1975,King Features Syndicate,Spanish Crossword Puzzle,Ramos,daily,2 col.,sim_editor-publisher_1975-07-26_108_30
1975,King Features Syndicate,Spanish Crossword Puzzle,"Ofaro (OCR "".Ofaro"")",daily,2 col.; second Spanish puzzle,sim_editor-publisher_1975-07-26_108_30
1975,Los Angeles Times Syndicate,Los Angeles Times Cross Words,Margaret Farrar,daily and Sunday,d 2 col.; S 3 col.,sim_editor-publisher_1975-07-26_108_30
1975,Los Angeles Times Syndicate,Quote-Acrostic,Charles Preston,weekly,"3 col. 10""; acrostic",sim_editor-publisher_1975-07-26_108_30
1975,Los Angeles Times Syndicate,Washington Post Cross Words,Robert Gillespie,daily and Sunday,"d 2 col.; S 3 col.; code OCR ""EAT"" (LAT)",sim_editor-publisher_1975-07-26_108_30
1975,Mark Morgan Inc.,Crossword Puzzle,Sonia McGinnis,weekly,2 col.,sim_editor-publisher_1975-07-26_108_30
1975,McNaught Syndicate,Crossword Puzzle,,weekly,1 col.,sim_editor-publisher_1975-07-26_108_30
1975,Miller Services (Canada),Quizword-Crossword,,daily,"Canadian; 2 col. 6""",sim_editor-publisher_1975-07-26_108_30
1975,NEA (Newspaper Enterprise Association),Crosswords,staff,daily except Sunday,"3 col. 7.25"" / 2 col. 5.5""; NEA ad ""DAILY CROSSWORDS""",sim_editor-publisher_1975-07-26_108_30
1975,"New York Times Special Features (code OCR ""NTT"")",New York Times Crossword Puzzle,,daily and Sunday,,sim_editor-publisher_1975-07-26_108_30
1975,Oceanic Press Service,Daily And Weekly Crosswords,C. Gordon,daily and weekly,page,sim_editor-publisher_1975-07-26_108_30
1975,Pat Anderson Features,Crossword Puzzle,Suzanne Craver,weekly,"2 col. 6""",sim_editor-publisher_1975-07-26_108_30
1975,Ray Helle (code HEL),Bible/Crostic,Ray Helle,Sunday,"2 col. 6""; acrostic, closely related",sim_editor-publisher_1975-07-26_108_30
1975,Spadea Syndicate,Criss Cross Puzzle,F. N. Perkins,five a week,"1 col. 3""",sim_editor-publisher_1975-07-26_108_30
1975,Suburban Features,Crossword Puzzle,,weekly,"2 col. 6""",sim_editor-publisher_1975-07-26_108_30
1975,TV Time/TV Day (code TVT),Test Pattern-TV Crossword,,weekly,"2 col. 10""",sim_editor-publisher_1975-07-26_108_30
1975,United Feature Syndicate,Crossword Puzzler,,daily and Sunday,"d 2 col. 5.5""; S 3 col. 12""",sim_editor-publisher_1975-07-26_108_30
1975,United Feature Syndicate,Today's Crossword Puzzle,,daily and Sunday,"d 2 col. 8.5""; S 3 col. 12""",sim_editor-publisher_1975-07-26_108_30
1975,W. L. Gordon Features,Crossword Puzzle,A. C. Gordon,weekly,"2 col. 8""",sim_editor-publisher_1975-07-26_108_30
1976,Al Smith Feature Service,Crossword Puzzle,Bernice Paschen,weekly,2 col.,sim_editor-publisher_1976-07-31_109_31
1976,AP Newsfeatures,Crossword Puzzle,Nina Cooper,daily except Sunday,,sim_editor-publisher_1976-07-31_109_31
1976,BP Singer Features,Crosswords Galore,Alan Foley,weekly,"quarter page; code OCR ""S®P""",sim_editor-publisher_1976-07-31_109_31
1976,Chicago Tribune-New York News Syndicate,New York News Crossword,"Herb Ettenson, Editor",six a week,"2 col.; CTN ad ""The Commuter"" (""all-new New York Daily News Commuter crossword ... Daily"")",sim_editor-publisher_1976-07-31_109_31
1976,Chicago Tribune-New York News Syndicate,The Daily Crossword,"Herb Ettenson, Editor",six a week,"2 col.; CTN ad ""The Challenger"" (""as it was in the days of the Herald-Tribune"")",sim_editor-publisher_1976-07-31_109_31
1976,Chicago Tribune-New York News Syndicate,The Sunday Crossword,"Herb Ettenson, Editor",Sunday,"5 col.; classified code OCR ""EF"", title index CTN",sim_editor-publisher_1976-07-31_109_31
1976,Community and Suburban Press Service,Crossword,Staff,weekly,"2 col. 6""",sim_editor-publisher_1976-07-31_109_31
1976,Copley News Service,Crosswords,,weekly,1.5 col./2 col.,sim_editor-publisher_1976-07-31_109_31
1976,Douglas Whiting (Canada),Prizeweek,B. B. Considine,weekly,Canadian; 2 col.,sim_editor-publisher_1976-07-31_109_31
1976,Ed Marzola & Associates,Bilingual Cross Words,Jorge Guardia,every other day,"2 col. 6""; code OCR ""B.MA""; Spanish-English; title index gives author ""Jaime Dial""",sim_editor-publisher_1976-07-31_109_31
1976,Editors Copy Syndicate,Crossword Puzzle,Staff,weekly,"2 col.; listed outside puzzle section; title index code OCR ""UDC""",sim_editor-publisher_1976-07-31_109_31
1976,Enterprise Features (NEA),Diagramless Puzzle,Staff,weekly,"3 col. 5.5""",sim_editor-publisher_1976-07-31_109_31
1976,Enterprise Features (NEA),Find-a-Quote,Staff,weekly,"3 col. 5.5""; acrostic-type (listed as ""Find-a-Quote Acrostic Puzzle"" in 1974)",sim_editor-publisher_1976-07-31_109_31
1976,Enterprise Features (NEA),Prize Crosswords,Staff,weekly,"2 col. 3.5""; NEA ad ""circulation-boosting Prize Crosswords, the successful newspaper puzzle contest""",sim_editor-publisher_1976-07-31_109_31
1976,Enterprise Features (NEA),Theme Crossword,Staff,weekly,"3 col. 5.5""",sim_editor-publisher_1976-07-31_109_31
1976,Enterprise Features (NEA),TV Crossword,,,display ad only; NEA ad,sim_editor-publisher_1976-07-31_109_31
1976,Enterprise Features (NEA),TV Teaser,Staff,weekly,"3 col. 6""; crossword status unconfirmed",sim_editor-publisher_1976-07-31_109_31
1976,Enterprise Features (NEA) / TV Time-TV Day,TV Test Pattern (Test Pattern-TV Crossword),Staff,weekly,"2 col. 9""; listed under EF in puzzles section and as TVT ""Test Pattern-TV Crossword"" under radio/TV; in NEA ad",sim_editor-publisher_1976-07-31_109_31
1976,Interpress of London & New York,Giant Crossword,,weekly,size OCR illegible,sim_editor-publisher_1976-07-31_109_31
1976,King Features Syndicate,Crossword Puzzle with Cryptoquips,Eugene Sheffer,daily,"2 col.; KFS ad: ""Two 2-col. daily puzzles and a 3-col. Sunday puzzle""",sim_editor-publisher_1976-07-31_109_31
1976,King Features Syndicate,Crossword Puzzle with Cryptoquotes,Thomas Joseph,daily,2 col.,sim_editor-publisher_1976-07-31_109_31
1976,King Features Syndicate,Premier Crossword Puzzle with Cryptoquips,Jo Paquin,Sunday,3 col.,sim_editor-publisher_1976-07-31_109_31
1976,King Features Syndicate,Spanish Crossword Puzzle,Ramos,daily,"2 col.; code OCR ""KPS""",sim_editor-publisher_1976-07-31_109_31
1976,King Features Syndicate,Spanish Crossword Puzzle,Alfaro,daily,2 col.; second Spanish puzzle,sim_editor-publisher_1976-07-31_109_31
1976,Los Angeles Times Syndicate,Coinword,Robert Pearsall,weekly,crossword contest,sim_editor-publisher_1976-07-31_109_31
1976,Los Angeles Times Syndicate,Los Angeles Times Cross Words,Margaret Farrar,daily and Sunday,"3 col./2 col.; LAT ad ""classic Los Angeles Times Crossword by legendary Margaret Farrar""",sim_editor-publisher_1976-07-31_109_31
1976,Los Angeles Times Syndicate,Quick Crostic,Charles Preston,six a week,"1 col. 5""; acrostic; author index ""Quick Acrostic""",sim_editor-publisher_1976-07-31_109_31
1976,Los Angeles Times Syndicate,Quote-Acrostic,Charles Preston,Sunday,"3 col. 10""; acrostic; in LAT ad",sim_editor-publisher_1976-07-31_109_31
1976,Mark Morgan Inc.,Crossword Puzzle,Katie Desatta,weekly,2 col.,sim_editor-publisher_1976-07-31_109_31
1976,Mark Morgan Inc.,Crossword Puzzle,Sonia McGinnis,,author index only,sim_editor-publisher_1976-07-31_109_31
1976,McNaught Syndicate,Crossword Puzzle,,weekly,"7x3""",sim_editor-publisher_1976-07-31_109_31
1976,Miller Services (Canada),Quizword-Crossword,,daily,"Canadian; 2 col. 6""",sim_editor-publisher_1976-07-31_109_31
1976,NEA (Newspaper Enterprise Association),Crosswords,Staff,daily except Sunday,"2 col. 8.25"" / 2 col. 6.5""; code OCR ""NBA""; NEA ad ""Daily Crosswords""",sim_editor-publisher_1976-07-31_109_31
1976,New York Times Special Features Syndicate,New York Times Crossword Puzzle,,daily and Sunday,"d 2 col.; S 4 col.; NYT ad: Sunday Crossword ""mailed weekly"", Daily Crossword ""mailed two weeks at a time""",sim_editor-publisher_1976-07-31_109_31
1976,Oceanic Press Service,Daily And Weekly Crosswords,C. Gordon,daily and weekly,page,sim_editor-publisher_1976-07-31_109_31
1976,Ray Helle Features,Bible/Crostic,Ray Helle,Sunday,"2 col. 6""; acrostic, closely related",sim_editor-publisher_1976-07-31_109_31
1976,Suburban Features,Crossword Puzzle,Staff,weekly,"2 col. 6""",sim_editor-publisher_1976-07-31_109_31
1976,Trans-World News Service,One Minute Crossword,"Richard Paxson, Jr.",daily,"1 col. 1""",sim_editor-publisher_1976-07-31_109_31
1976,United Feature Syndicate,Crossword Puzzler,,daily and Sunday,"d 2 col. 5.5""; S 12""; UFS ad ""CROSSWORD PUZZLER (7tw)""",sim_editor-publisher_1976-07-31_109_31
1976,United Feature Syndicate,Prizeweek Puzzle,,weekly,"UFS ad ""PRIZE WEEK PUZZLE""",sim_editor-publisher_1976-07-31_109_31
1976,United Feature Syndicate,Today's Crossword Puzzle,,daily and Sunday,"d 2 col. 8.5""; S 3 col. 12""; UFS ad ""(7tw)""",sim_editor-publisher_1976-07-31_109_31
1976,Young Productions Limited,Sports Quiz-Cross,Al Power,weekly,"2 col. 5.5""; code YPL",sim_editor-publisher_1976-07-31_109_31
1977,Al Smith Feature Service,Crossword Puzzle,Bernice Paschen,weekly,"2 col. 5""; author index SM",sim_editor-publisher_1977-07-30_110_31
1977,AP Newsfeatures,Crossword Puzzle,Nina Cooper,daily except Sunday,"code truncated to ""A"" in OCR",sim_editor-publisher_1977-07-30_110_31
1977,Arelem Productions,Criss-Cross,Ronald McCullough,weekly,"1 col. 5""; author index code OCR ""ARE"" (key ARL); crossword status unconfirmed",sim_editor-publisher_1977-07-30_110_31
1977,BP Singer Features,Crosswords Galore,Alan Foley,weekly,quarter page; author index SBP,sim_editor-publisher_1977-07-30_110_31
1977,Chicago Tribune-New York News Syndicate,New York News Crossword,"Herb Ettenson, Editor",six a week,"2 col.; CTN ad ""The Commuter""",sim_editor-publisher_1977-07-30_110_31
1977,Chicago Tribune-New York News Syndicate,The Daily Crossword,"Herb Ettenson, Editor",six a week,"2 col.; CTN ad ""The Challenger"" (""as it was in the days of the Herald-Tribune"")",sim_editor-publisher_1977-07-30_110_31
1977,Chicago Tribune-New York News Syndicate,The Sunday Crossword,"Herb Ettenson, Editor",Sunday,5 col.,sim_editor-publisher_1977-07-30_110_31
1977,Douglas Whiting (Canada),Prizeweek Crossword,B. B. Considine,weekly,"Canadian; 2 col. 3 9/16""; title index DWL",sim_editor-publisher_1977-07-30_110_31
1977,Enterprise Features (NEA),Diagramless Puzzle,Staff,weekly,"3 col. 5.5""; code lost in OCR; in NEA ad",sim_editor-publisher_1977-07-30_110_31
1977,Enterprise Features (NEA),Find-a-Quote,Staff,weekly,"3 col. 5.5""; acrostic-type; code lost in OCR; in NEA ad",sim_editor-publisher_1977-07-30_110_31
1977,Enterprise Features (NEA),Prize Crosswords,Staff,weekly,"2 col. 3.75""; title index EF; NEA ad ""Circulation-boosting Prize Crosswords""",sim_editor-publisher_1977-07-30_110_31
1977,Enterprise Features (NEA),Theme Crossword,Staff,weekly,"3 col. 5.5""; code lost in OCR; in NEA ad",sim_editor-publisher_1977-07-30_110_31
1977,Enterprise Features (NEA),TV Crossword,,,display ad only; NEA ad,sim_editor-publisher_1977-07-30_110_31
1977,Enterprise Features (NEA),TV Teaser,Staff,weekly,"3 col. 6""; crossword status unconfirmed; code lost in OCR; in NEA ad",sim_editor-publisher_1977-07-30_110_31
1977,Enterprise Features (NEA),TV Testpattern,Staff,weekly,"2 col. 9""; code lost in OCR; NEA ad ""TV Test Pattern"" (TV crossword)",sim_editor-publisher_1977-07-30_110_31
1977,Interpress of London & New York,Giant Crossword,,weekly,"7 col. 7""; code from title-index code column",sim_editor-publisher_1977-07-30_110_31
1977,King Features Syndicate,Crossword Puzzle with Cryptoquips,Eugene Sheffer,daily,"2 col.; classified code truncated in OCR, author index KFS; KFS ad ""2-col daily puzzles and a 3-col Sunday puzzle""",sim_editor-publisher_1977-07-30_110_31
1977,King Features Syndicate,Crossword Puzzle with Cryptoquotes,Thomas Joseph,daily,2 col.; code truncated in OCR; in KFS ad,sim_editor-publisher_1977-07-30_110_31
1977,King Features Syndicate,Premier Crossword Puzzle with Cryptoquips,Jo Paquin,Sunday,3 col.,sim_editor-publisher_1977-07-30_110_31
1977,King Features Syndicate,Spanish Crossword Puzzle,Ramos,daily,"2 col.; KFS ad ""Also, 2 Spanish puzzles""",sim_editor-publisher_1977-07-30_110_31
1977,King Features Syndicate,Spanish Crossword Puzzle,Alfaro,daily,2 col.; second Spanish puzzle,sim_editor-publisher_1977-07-30_110_31
1977,Los Angeles Times Syndicate,Coinword,Robert Pearsall,weekly,2 col.; crossword contest; in LAT ad,sim_editor-publisher_1977-07-30_110_31
1977,Los Angeles Times Syndicate,Los Angeles Times Crossword Puzzle,Margaret Farrar,daily and Sunday,3 col./2 col.; in LAT ad; author index LAT,sim_editor-publisher_1977-07-30_110_31
1977,Los Angeles Times Syndicate,Quote-Acrostic,Charles Preston,Sunday,"3 col. 10""; acrostic; in LAT ad",sim_editor-publisher_1977-07-30_110_31
1977,McNaught Syndicate,Crossword Puzzle,,weekly,"7x3""; code truncated to ""M"" in OCR",sim_editor-publisher_1977-07-30_110_31
1977,NEA (Newspaper Enterprise Association),Crosswords,Staff,daily except Sunday,"2 col. 8.25"" / 2 col. 6.5""; classified code lost in OCR; NEA ad ""the daily crossword puzzles""",sim_editor-publisher_1977-07-30_110_31
1977,New York Times Special Features Syndicate,Daily Crossword,,daily,"2 col.; classified code OCR ""f"" (lost); NYT ad: new crossword editor Eugene T. Maleska, daily puzzles mailed two weeks at a time",sim_editor-publisher_1977-07-30_110_31
1977,New York Times Special Features Syndicate,Sunday Crossword,,Sunday,4 col.; code lost in OCR; NYT ad: Maleska's Sunday Crossword Puzzles from The Times Magazine mailed weekly,sim_editor-publisher_1977-07-30_110_31
1977,Ray Helle Features,Bible/Crostic,Ray Helle,weekly,"2 col. 6""; acrostic, closely related",sim_editor-publisher_1977-07-30_110_31
1977,Trans-World News Service,One Minute Crossword,"Richard Paxson, Jr.",daily,"1 col. 4""; author index TWN",sim_editor-publisher_1977-07-30_110_31
1977,unidentified (code lost in OCR),Crossword,Various Authors,weekly,"2 col. 9""",sim_editor-publisher_1977-07-30_110_31
1977,unidentified (code lost in OCR),Crossword Puzzle,Staff,weekly,"2 col. 6.5""; probably CSP or Suburban Features (both listed 1976)",sim_editor-publisher_1977-07-30_110_31
1977,unidentified (code lost in OCR),VideoCross,,weekly,"2 col.; listed under puzzles and radio/TV; probably TV crossword, unconfirmed",sim_editor-publisher_1977-07-30_110_31
1977,unidentified (code lost in OCR; Copley News Service in 1976),Crosswords,,weekly,"2 col. 1.5""?",sim_editor-publisher_1977-07-30_110_31
1977,unidentified (code lost in OCR; Mark Morgan in 1976),Crossword,Katie Desatta,weekly,"2 col. 6.5""",sim_editor-publisher_1977-07-30_110_31
1977,"unidentified (code truncated to ""C""; Oceanic Press Service in 1976)",Daily And Weekly Crosswords,C. Gordon,daily and weekly,page,sim_editor-publisher_1977-07-30_110_31
1977,United Feature Syndicate,Crossword Puzzler,,daily and Sunday,"d 2 col. 5.5""; S 12""; UFS ad ""CROSSWORD PUZZLER (7tw)""",sim_editor-publisher_1977-07-30_110_31
1977,United Feature Syndicate,Prizeweek Puzzle,,weekly,"2 col. 3 9/16""; UFS ad",sim_editor-publisher_1977-07-30_110_31
1977,United Feature Syndicate,Today's Crossword,,daily and Sunday,"d 2 col. 8.5""; S 3 col. 12""; UFS ad ""TODAY'S CROSSWORD PUZZLE (7tw)""",sim_editor-publisher_1977-07-30_110_31
1977,Young Productions Limited,Canadian Crossword,Al Power,weekly,"2 col. 5.5""; title index YPL",sim_editor-publisher_1977-07-30_110_31
1977,Young Productions Limited,Sports Quiz-Cross,Al Power,weekly,"2 col. 5.5""; author index code OCR ""YU""",sim_editor-publisher_1977-07-30_110_31
1978,Al Smith Feature Service,Crossword Puzzle,Bernice Paschen,weekly,"20x4.5""",sim_editor-publisher_1978-07-29_111_30
1978,AP Newsfeatures,Crossword Puzzle,Nina Cooper,daily except Sunday,,sim_editor-publisher_1978-07-29_111_30
1978,Arelem Productions,Criss-Cross,Ronald McCullough,weekly,"10.5x6""; code OCR ""ARl""; crossword status unconfirmed",sim_editor-publisher_1978-07-29_111_30
1978,BP Singer Features,Crosswords Galore,Alan Foley,weekly,quarter page,sim_editor-publisher_1978-07-29_111_30
1978,Castle Communications,Test Pattern TV Crossword Puzzle,,weekly,"2 col. 9""; listed under radio/TV; code CAS",sim_editor-publisher_1978-07-29_111_30
1978,Chicago Tribune-New York News Syndicate,New York News Crossword,"Herb Ettenson, Editor",six a week,"2 col. 8.5""; CTN ad ""CROSSWORD - The Commuter""",sim_editor-publisher_1978-07-29_111_30
1978,Chicago Tribune-New York News Syndicate,The Daily Crossword,"Herb Ettenson, Editor",six a week,"2 col. 9""; CTN ad ""CROSSWORD - The Challenger"" (""as it was in the days of the Herald-Tribune"")",sim_editor-publisher_1978-07-29_111_30
1978,Chicago Tribune-New York News Syndicate,The Sunday Crossword,"Herb Ettenson, Editor",Sunday,page,sim_editor-publisher_1978-07-29_111_30
1978,Community and Suburban Press Service,Crossword Puzzle,Staff,weekly,"2 col. 6.5""",sim_editor-publisher_1978-07-29_111_30
1978,Danney Ball Productions,Crosswordwise,Lou Michaels,weekly,"30x8""; classified code OCR ""GAL"", author index BAL, title index ""6AL""",sim_editor-publisher_1978-07-29_111_30
1978,Editor's Copy Syndicate,Crossword,H. Risten,weekly,"22.5x8""",sim_editor-publisher_1978-07-29_111_30
1978,Enterprise Features (NEA),Diagramless Puzzle,Staff,weekly,"33x5.5""; United Media ad ""(1tw)""",sim_editor-publisher_1978-07-29_111_30
1978,Enterprise Features (NEA),Find-a-Quote,Staff,weekly,"33x5.5""; acrostic-type; United Media ad ""FIND-A-QUOTE PUZZLE (1tw)""",sim_editor-publisher_1978-07-29_111_30
1978,Enterprise Features (NEA),Prize Crosswords,Staff,weekly,"22x5.5""; code from detached code column; United Media ad ""(1tw)""",sim_editor-publisher_1978-07-29_111_30
1978,Enterprise Features (NEA),Theme Crossword,Staff,weekly,"33x5.5""; United Media ad ""SUNDAY THEME CROSSWORD (1tw)""",sim_editor-publisher_1978-07-29_111_30
1978,Enterprise Features (NEA),TV Crosswords,Staff,weekly,"33x9.5""; United Media ad ""TV CROSSWORD (1tw)""",sim_editor-publisher_1978-07-29_111_30
1978,Enterprise Features (NEA),TV Teaser,Staff,weekly,"33x5.5""; crossword status unconfirmed",sim_editor-publisher_1978-07-29_111_30
1978,Enterprise Features (NEA),TV Testpattern,Staff,weekly,"22x9.5""; TV crossword",sim_editor-publisher_1978-07-29_111_30
1978,Interpress of London & New York,Giant Crossword,,weekly,"7 col. 7""",sim_editor-publisher_1978-07-29_111_30
1978,King Features Syndicate,Crossword Puzzle with Cryptoquips,Eugene Sheffer,daily,"2 col.; OCR ""Shelter""; KFS ad ""2-col. daily puzzles and a 3-col. Sunday puzzle""",sim_editor-publisher_1978-07-29_111_30
1978,King Features Syndicate,Crossword Puzzle with Cryptoquotes,Thomas Joseph,daily,2 col.,sim_editor-publisher_1978-07-29_111_30
1978,King Features Syndicate,Premier Crossword Puzzle with Cryptoquips,Jo Paquin,Sunday,3 col.; code from detached code column,sim_editor-publisher_1978-07-29_111_30
1978,King Features Syndicate,Spanish Crossword Puzzle,Ramos,daily,2 col.,sim_editor-publisher_1978-07-29_111_30
1978,King Features Syndicate,Spanish Crossword Puzzle,Ramos (sic; probably Alfaro),daily,"2 col.; second Spanish puzzle, author OCR repeated ""Ramos""",sim_editor-publisher_1978-07-29_111_30
1978,King Features Syndicate,The Sunday Times of London crossword,,,"display ad only; KFS ad: Sunday Times of London service includes ""its most difficult crossword""; probably cryptic",sim_editor-publisher_1978-07-29_111_30
1978,Los Angeles Times Syndicate,Coinword,,weekly,"21x3""; crossword contest; code OCR ""lAT""; in LAT ad",sim_editor-publisher_1978-07-29_111_30
1978,Los Angeles Times Syndicate,Los Angeles Times Crossword Puzzle,Margaret Farrar,daily and Sunday,"d 21x3.5""; S 31x5""; in LAT ad",sim_editor-publisher_1978-07-29_111_30
1978,Los Angeles Times Syndicate,Quote-Acrostic,Charles Preston,Sunday,"17x6""; acrostic; code from detached code column; in LAT ad",sim_editor-publisher_1978-07-29_111_30
1978,Mark Morgan Inc.,Crossword Puzzle,Katie De Satta,weekly,"2 col.; Mark-Morgan classified ad offers ""crossword puzzle"" for weekly editors",sim_editor-publisher_1978-07-29_111_30
1978,McNaught Syndicate,Crossword Puzzle,,weekly,"7x3""",sim_editor-publisher_1978-07-29_111_30
1978,NEA (Newspaper Enterprise Association),Crosswords,Staff,daily except Sunday,"21.5x8.75"" / 21.5x6.5"" (picas?); NEA ad ""DAILY CROSSWORD PUZZLE (6w)""",sim_editor-publisher_1978-07-29_111_30
1978,New York Times Special Features Syndicate,Daily Crossword,Eugene Maleska,daily,"2 col.; NYT ad: ""Daily puzzles mailed twice each week""",sim_editor-publisher_1978-07-29_111_30
1978,New York Times Special Features Syndicate,Sunday Crossword,Eugene Maleska,Sunday,"4 col.; code from detached code column; NYT ad ""Sunday puzzle mailed weekly""",sim_editor-publisher_1978-07-29_111_30
1978,Oceanic Press Service,Daily and Weekly Crosswords,C. Gordon,daily and weekly,title index only,sim_editor-publisher_1978-07-29_111_30
1978,Ray Helle Features,Bible Crostic,Ray Helle,Sunday,"21.5x6""; acrostic, closely related; listed under religion",sim_editor-publisher_1978-07-29_111_30
1978,Register and Tribune Syndicate,National Observer Crossword Puzzle,Charles Preston,weekly,"5x5""; R&T ad ""NATIONAL OBSERVER CROSSWORD Edited by Charles Preston, Weekly""",sim_editor-publisher_1978-07-29_111_30
1978,Suburban Features,Crossword Puzzle,Staff,weekly,"19x6""",sim_editor-publisher_1978-07-29_111_30
1978,Trans-World News Service,One Minute Crossword,"Richard Paxson, Jr.",daily,"1 col. 4""",sim_editor-publisher_1978-07-29_111_30
1978,United Feature Syndicate,Crossword Puzzler,,daily and Sunday,"d 2 col. 5.5""; S 12""; code OCR ""L'FS""; United Media ad ""(7tw)""",sim_editor-publisher_1978-07-29_111_30
1978,United Feature Syndicate,Prizeweek Puzzle,,weekly,"2 col. 3.5""; code from detached code column",sim_editor-publisher_1978-07-29_111_30
1978,United Feature Syndicate,Today's Crossword,,daily and Sunday,"d 2 col. 8.5""; S 3 col. 12""; United Media ad ""TODAY'S CROSSWORD PUZZLE (7tw)""",sim_editor-publisher_1978-07-29_111_30
1978,United Feature Syndicate,VideoCross,,weekly,"2 col.; probably TV crossword, unconfirmed",sim_editor-publisher_1978-07-29_111_30
1978,Young Productions Limited,Canadian Crossword,Al Power,weekly,"2 col. 5.5""; code OCR ""YPl""",sim_editor-publisher_1978-07-29_111_30
1978,Young Productions Limited,Sports Quiz-Cross,Al Power,weekly,"2 col. 5.5""; code from detached code column",sim_editor-publisher_1978-07-29_111_30
1979,Al Smith Feature Service,Crossword Puzzle,Bernice Paschen,weekly,"20x5""",sim_editor-publisher_1979-07-28_112_30
1979,AP Newsfeatures,Crossword Puzzle,Nina Cooper,daily,"22x8.5""; listed twice",sim_editor-publisher_1979-07-28_112_30
1979,AP Newsfeatures,Sunday Crossword,Chet Currier,Sunday,"45x5.5""",sim_editor-publisher_1979-07-28_112_30
1979,Arelem Productions,Criss-Cross,Ronald McCullough,weekly,"10.5x5""; crossword status unconfirmed",sim_editor-publisher_1979-07-28_112_30
1979,BP Singer Features,Crosswords,Alan Foley,weekly,"quarter page; listed elsewhere as ""Crosswords Galore""",sim_editor-publisher_1979-07-28_112_30
1979,BP Singer Features,Juvenile Picture Crosswords,W. Trag & E. Engleman,weekly,page; juvenile,sim_editor-publisher_1979-07-28_112_30
1979,Chicago Tribune-New York News Syndicate,New York News Crossword,"Herb Ettenson, Editor",six a week,"2 col. 8.5""; CTN ad ""CROSSWORD - The Commuter""",sim_editor-publisher_1979-07-28_112_30
1979,Chicago Tribune-New York News Syndicate,The Daily Crossword,"Herb Ettenson, Editor",six a week,"2 col. 9""; CTN ad ""CROSSWORD - The Challenger""",sim_editor-publisher_1979-07-28_112_30
1979,Chicago Tribune-New York News Syndicate,The Sunday Crossword,"Herb Ettenson, Editor",Sunday,page,sim_editor-publisher_1979-07-28_112_30
1979,Columbia Features,Bible/Crostic,Ray Helle,weekly,"21.5x6""; acrostic, closely related",sim_editor-publisher_1979-07-28_112_30
1979,Danney Ball Productions,Crosswordwise,R.R. (OCR),weekly,"30x8.5""; author OCR unclear (Lou Michaels in 1978)",sim_editor-publisher_1979-07-28_112_30
1979,Dickson Feature Service / R-GABS Comic Features,Zany Crossword Puzzle,N. Dickson,weekly,"var., e.g. 40x6.25""; codes DFS-RGA; R-GABS classified ad ""ZANY CROSSWORD PUZZLES - Over 8 different types""",sim_editor-publisher_1979-07-28_112_30
1979,Editor's Copy Syndicate,Crossword,John Risten,weekly,"22x8""",sim_editor-publisher_1979-07-28_112_30
1979,King Features Syndicate,Crossword Puzzle with Cryptoquips,Eugene Sheffer,daily,"2 col.?; code from detached code column; KFS ad ""SHEFFER CROSSWORD PUZZLE ... with bonus cryptoquip. 6 TW""",sim_editor-publisher_1979-07-28_112_30
1979,King Features Syndicate,Crossword Puzzle with Cryptoquotes,Thomas Joseph,six a week,"2 col.; KFS ad ""JOSEPH CROSSWORD PUZZLE ... small-scale (2 col.)""",sim_editor-publisher_1979-07-28_112_30
1979,King Features Syndicate,Premier Crossword Puzzle with Cryptoquips,Jo Paquin,Sunday,"3 col.; KFS ad ""PREMIER SUNDAY CROSSWORD PUZZLE WITH CRYPTOQUIP""",sim_editor-publisher_1979-07-28_112_30
1979,King Features Syndicate,Spanish Crossword Puzzle,Ramos,daily,"2 col.; KFS ad ""SPANISH CROSSWORD PUZZLES - Two unique features by Alfaro and Ramos. 6 TW""",sim_editor-publisher_1979-07-28_112_30
1979,King Features Syndicate,Spanish Crossword Puzzle,Alfaro,daily,2 col.; second Spanish puzzle,sim_editor-publisher_1979-07-28_112_30
1979,King Features Syndicate,Sunday Times of London Crossword Puzzle,,weekly,"display ad only; KFS ad ""The world's most difficult crossword""; probably cryptic",sim_editor-publisher_1979-07-28_112_30
1979,Los Angeles Times Syndicate,Coinword,,weekly,"21x3""; crossword contest; code from detached code column",sim_editor-publisher_1979-07-28_112_30
1979,Los Angeles Times Syndicate,Los Angeles Times Crossword Puzzle,Margaret Farrar,daily and Sunday,"d 21x3.5""; S 31x5""",sim_editor-publisher_1979-07-28_112_30
1979,Los Angeles Times Syndicate,Quote-Acrostic,Charles Preston,Sunday,"17x6""; acrostic",sim_editor-publisher_1979-07-28_112_30
1979,Mark Morgan Inc.,Crossword Puzzle,Katie De Satta,weekly,"2 col.; code OCR ""MDR"" (key MDR = David R. Merkowitz; MOR = Mark Morgan)",sim_editor-publisher_1979-07-28_112_30
1979,McNaught Syndicate,Crossword Puzzle,,weekly,"7x3""",sim_editor-publisher_1979-07-28_112_30
1979,McNaught Syndicate,Sportsword,,weekly,1 col.; crossword status unconfirmed,sim_editor-publisher_1979-07-28_112_30
1979,NEA (Newspaper Enterprise Association),Crosswords,,daily,"21.5x8"" / 21.5x6.5""; code from detached code column; NEA ad ""DAILY CROSSWORD PUZZLE (6w)""",sim_editor-publisher_1979-07-28_112_30
1979,New York Times Special Features Syndicate,Daily Crossword,Eugene Maleska,daily,"2 col.; NYT News Service ad ""The New York Times Crossword Puzzles ... Available daily and Sunday""",sim_editor-publisher_1979-07-28_112_30
1979,New York Times Special Features Syndicate,Sunday Crossword,Eugene Maleska,Sunday,4 col.,sim_editor-publisher_1979-07-28_112_30
1979,Oceanic Press Service,Daily & Weekly Crosswords,C. Gordon,daily and weekly,page; listed in another section,sim_editor-publisher_1979-07-28_112_30
1979,Register and Tribune Syndicate,National Observer Crossword Puzzle,Charles Preston,weekly,"R&T ad ""OBSERVER Crossword Charles Preston""",sim_editor-publisher_1979-07-28_112_30
1979,Suburban Features,Crossword Puzzle,Staff,weekly,"19x6""",sim_editor-publisher_1979-07-28_112_30
1979,unidentified (code lost in OCR),Star Scramble Crossword,Leo White,weekly,"2 col. 10""; listed under radio/TV",sim_editor-publisher_1979-07-28_112_30
1979,unidentified (code lost in OCR; ITP in prior years),Giant Crossword,,weekly,7 col.,sim_editor-publisher_1979-07-28_112_30
1979,United Feature Syndicate,Crossword Puzzler,,daily and Sunday,"d 21x7""; S 35x12""; UFS ad ""(7 tw)""",sim_editor-publisher_1979-07-28_112_30
1979,United Feature Syndicate,Diagramless Puzzle,Staff,weekly,"33x5.5""; code from detached code column",sim_editor-publisher_1979-07-28_112_30
1979,United Feature Syndicate,Prize Crosswords,Staff,weekly,"21x3.5""; UFS ad ""(1 tw)""",sim_editor-publisher_1979-07-28_112_30
1979,United Feature Syndicate,Prizeweek Puzzle,,weekly,"21x3.5""; UFS ad ""(1 tw)""",sim_editor-publisher_1979-07-28_112_30
1979,United Feature Syndicate,Theme Crosswords,Staff,weekly,"30x10.5""",sim_editor-publisher_1979-07-28_112_30
1979,United Feature Syndicate,Today's Crossword,,daily and Sunday,"d 21x8.5""; S 35x12""; UFS ad ""TODAY'S CROSSWORD PUZZLE (7 tw)""",sim_editor-publisher_1979-07-28_112_30
1979,United Feature Syndicate,TV Crosswords,Staff,weekly,"33x7.25""; UFS ad ""TV CROSSWORDS (1 tw)""",sim_editor-publisher_1979-07-28_112_30
1979,United Feature Syndicate,TV Teaser,Staff,weekly,"33x4.75""; crossword status unconfirmed",sim_editor-publisher_1979-07-28_112_30
1979,United Feature Syndicate,Word Cross,Staff,weekly,"33x5.5""; crossword status unconfirmed",sim_editor-publisher_1979-07-28_112_30
1979,Young Productions Limited,Sports Quiz-Cross,Al Power,weekly,"2 col. 5.5""?",sim_editor-publisher_1979-07-28_112_30
1980,Al Smith Feature Service,Crossword Puzzle,Bernice Paschen,weekly,,sim_editor-publisher_1980-07-26_113_30
1980,AP Newsfeatures,Crossword Puzzle,Nina Cooper,six a week,,sim_editor-publisher_1980-07-26_113_30
1980,AP Newsfeatures,Sunday Crossword,Chet Currier,Sunday,code from title index,sim_editor-publisher_1980-07-26_113_30
1980,Chicago Tribune-New York News Syndicate,New York News Crossword,"Herb Ettenson, Editor",six a week,code from title index,sim_editor-publisher_1980-07-26_113_30
1980,Chicago Tribune-New York News Syndicate,The Daily Crossword,"Herb Ettenson, Editor",six a week,,sim_editor-publisher_1980-07-26_113_30
1980,Chicago Tribune-New York News Syndicate,The Sunday Crossword,"Herb Ettenson, Editor",Sunday,,sim_editor-publisher_1980-07-26_113_30
1980,code DFS (unidentified; Naida Dickson's distributor),Big Crossword (23x23),Naida Dickson,occasional / weekly,,sim_editor-publisher_1980-07-26_113_30
1980,code YPI (unidentified),Sports Quiz-Cross,Al Power,weekly,"2 col. 5.5""",sim_editor-publisher_1980-07-26_113_30
1980,Columbia Features,Bible/Crostic,Ray Helle,weekly,"22x6""; acrostic, closely related",sim_editor-publisher_1980-07-26_113_30
1980,Editors Copy Syndicate,Crossword,H. L. Risten,weekly,"20x9""",sim_editor-publisher_1980-07-26_113_30
1980,Exmark News Service,Weekly Crossword,Mike Shenk,weekly,"18.5x8.5""",sim_editor-publisher_1980-07-26_113_30
1980,Holmes Features (Venice),Crossword Puzzles (edited by Eugene T. Maleska),"Eugene T. Maleska, editor",daily and Sunday,"display ad, ""by mail""; possibly resale of the NYT puzzle",sim_editor-publisher_1980-07-26_113_30
1980,Interpress of London & New York,Giant Crossword,,weekly,,sim_editor-publisher_1980-07-26_113_30
1980,King Features Syndicate,Crossword Puzzle with Cryptoquips,Eugene Sheffer,seven a week (daily),"KFS ad: ""SHEFFER CROSSWORD PUZZLE ... 6 TW""",sim_editor-publisher_1980-07-26_113_30
1980,King Features Syndicate,Crossword Puzzle with Cryptoquotes,Thomas Joseph,seven a week (daily),"KFS ad: ""smallest (11x13 grid) daily puzzle in America""",sim_editor-publisher_1980-07-26_113_30
1980,King Features Syndicate,Premier Crossword Puzzle with Cryptoquips,Jo Paquin,Sunday,3 col.,sim_editor-publisher_1980-07-26_113_30
1980,King Features Syndicate,Spanish Crossword Puzzle,Ramos,six a week,2 col.,sim_editor-publisher_1980-07-26_113_30
1980,King Features Syndicate,Spanish Crossword Puzzle,Alfaro,six a week,2 col.,sim_editor-publisher_1980-07-26_113_30
1980,Los Angeles Times Syndicate,Los Angeles Times Crossword Puzzle,Margaret Farrar,seven a week,code from title index,sim_editor-publisher_1980-07-26_113_30
1980,Mark Morgan Inc.,Crossword Puzzle,Katie De Satta,weekly,2 col.,sim_editor-publisher_1980-07-26_113_30
1980,McNaught Syndicate,Crossword,,weekly,,sim_editor-publisher_1980-07-26_113_30
1980,NEA (Newspaper Enterprise Association),Crosswords,,six a week,"NEA/United Media ad also lists Crossword Puzzler, Today's Crossword Puzzle, Prize Crosswords, Prizeweek Puzzler, TV Crosswords",sim_editor-publisher_1980-07-26_113_30
1980,New York Times (News Service / Special Features),NYT Crossword,Eugene T. Maleska,seven a week,,sim_editor-publisher_1980-07-26_113_30
1980,Oceanic Press Service,Daily & Weekly Crosswords,Gordon,weekly and daily,quarter page,sim_editor-publisher_1980-07-26_113_30
1980,R-GABS Comic Features / code DFS,Zany Crossword,Naida Dickson,weekly,,sim_editor-publisher_1980-07-26_113_30
1980,Register and Tribune Syndicate,The Observer Crossword Puzzle,Charles Preston,weekly,code from title index,sim_editor-publisher_1980-07-26_113_30
1980,Singer Communications,Crosswords,Alan Foley,weekly,quarter page,sim_editor-publisher_1980-07-26_113_30
1980,Singer Communications,Juvenile Picture Crosswords,W. Trag & E. Engleman,weekly,juvenile,sim_editor-publisher_1980-07-26_113_30
1980,Suburban Features,Crossword Puzzle,Staff,weekly,"19x6""",sim_editor-publisher_1980-07-26_113_30
1980,unidentified,Quote-Acrostic,Charles Preston,weekly,acrostic; code not captured,sim_editor-publisher_1980-07-26_113_30
1980,unidentified,Weekend Crossword,,weekly,"22.6""",sim_editor-publisher_1980-07-26_113_30
1980,United Feature Syndicate,Crossword Puzzler,,six a week and Sunday,,sim_editor-publisher_1980-07-26_113_30
1980,United Feature Syndicate,TV Crosswords,Staff,weekly,,sim_editor-publisher_1980-07-26_113_30
1980,United Feature Syndicate (United Media),Prize Crosswords,Staff,weekly,code from title index,sim_editor-publisher_1980-07-26_113_30
1980,United Feature Syndicate (United Media),Prizeweek Puzzle,,weekly,"named in United Media ad as ""Prizeweek Puzzler""",sim_editor-publisher_1980-07-26_113_30
1980,United Feature Syndicate (United Media),Today's Crossword,,six a week and Sunday,code from UFS ad,sim_editor-publisher_1980-07-26_113_30
1981,Al Smith Feature Service,Crossword Puzzle,Bernice Paschen,weekly,"20x5""",sim_editor-publisher_1981-07-25_114_30
1981,AP Newsfeatures,Crossword Puzzle,Nina Cooper,six a week,"22x8.5""",sim_editor-publisher_1981-07-25_114_30
1981,AP Newsfeatures,Sunday Crossword,Chet Currier,Sunday,"45x5.5"" (OCR garbled)",sim_editor-publisher_1981-07-25_114_30
1981,Chicago Tribune-New York News Syndicate,New York News Crossword,"Herb Ettenson, Editor",six a week,"21x8.5""; CTN ad also offers ""special Commuter Crossword Puzzle"" (likely this puzzle; a 1987 TMS ad equates them)",sim_editor-publisher_1981-07-25_114_30
1981,Chicago Tribune-New York News Syndicate,The Daily Crossword,"Herb Ettenson, Editor",six a week,"21x9""",sim_editor-publisher_1981-07-25_114_30
1981,Chicago Tribune-New York News Syndicate,The Sunday Crossword,"Herb Ettenson, Editor",Sunday,page,sim_editor-publisher_1981-07-25_114_30
1981,Community and Suburban Press Service,Crossword Puzzle,,weekly,2 col.,sim_editor-publisher_1981-07-25_114_30
1981,Copley News Service,Crossword Puzzle,,weekly,2/3 col.,sim_editor-publisher_1981-07-25_114_30
1981,Dickson-Bennett International Features,Big Crossword (23x23),Naida Dickson,occasional / weekly,"30x15""; code DBI (decoded from syndicate heading)",sim_editor-publisher_1981-07-25_114_30
1981,Dickson-Bennett International Features,Zany Crossword,Naida Dickson,weekly,"32x9.5""",sim_editor-publisher_1981-07-25_114_30
1981,Editors Copy Syndicate,Crossword,H. L. Risten,weekly,"20x9""",sim_editor-publisher_1981-07-25_114_30
1981,Interpress of London & New York,Giant Crossword,,weekly,,sim_editor-publisher_1981-07-25_114_30
1981,King Features Syndicate,Crossword Puzzle with Cryptoquips,Eugene Sheffer,six a week,"2 col.; KFS ad ""SHEFFER CROSSWORD""",sim_editor-publisher_1981-07-25_114_30
1981,King Features Syndicate,Crossword Puzzle with Cryptoquotes,Thomas Joseph,six a week,"2 col.; KFS ad ""JOSEPH CROSSWORD""",sim_editor-publisher_1981-07-25_114_30
1981,King Features Syndicate,Premier Crossword,Jo Paquin,Sunday,"3 col.; KFS ad ""PREMIER SUNDAY CROSSWORD PUZZLE WITH CRYPTOQUIP""",sim_editor-publisher_1981-07-25_114_30
1981,King Features Syndicate,Spanish Crossword Puzzle,Ramos,six a week,"2 col.; frequency OCR ""etw""",sim_editor-publisher_1981-07-25_114_30
1981,King Features Syndicate,Spanish Crossword Puzzle,Alfaro,six a week,2 col.,sim_editor-publisher_1981-07-25_114_30
1981,Los Angeles Times Syndicate,Los Angeles Times Crossword Puzzle,Margaret Farrar,six a week and/or Sunday,"classified title ""Crossword Puzzle""; 21x3.5""/31x5""",sim_editor-publisher_1981-07-25_114_30
1981,Los Angeles Times Syndicate,Quote-Acrostic,Charles Preston,weekly,"acrostic; 17x6""",sim_editor-publisher_1981-07-25_114_30
1981,Mark Morgan Inc.,Crossword,Agnes DeSatta,weekly,"2 col./21x6.5""",sim_editor-publisher_1981-07-25_114_30
1981,McNaught Syndicate,Crossword,,weekly,"7x3.25"" (size OCR garbled)",sim_editor-publisher_1981-07-25_114_30
1981,NEA (Newspaper Enterprise Association),Crossword Puzzle,Staff,six a week,"21.5"" wide (depth OCR garbled); NEA ad ""DAILY CROSSWORD PUZZLE (6tw)""",sim_editor-publisher_1981-07-25_114_30
1981,New York Times (News Service / Special Features),NYT Crossword,Eugene T. Maleska,seven a week,"NYT ad: ""Selections from The New York Times Crossword Puzzles"", daily and Sunday by mail",sim_editor-publisher_1981-07-25_114_30
1981,Oceanic Press Service,Daily & Weekly Crosswords,Gordon,weekly and seven a week,quarter page,sim_editor-publisher_1981-07-25_114_30
1981,Register and Tribune Syndicate,The Observer Crossword Puzzle,Charles Preston,weekly,"R&T display ad ""THE OBSERVER CROSSWORD ... 1tw""",sim_editor-publisher_1981-07-25_114_30
1981,Suburban Features,Crossword Puzzle,Staff,weekly,"19x6""",sim_editor-publisher_1981-07-25_114_30
1981,TV Compulog Services,Crossword(s) Puzzle,Elayne Hooper,weekly,"36x4""",sim_editor-publisher_1981-07-25_114_30
1981,United Feature Syndicate,Crossword Puzzler,,seven a week,"classified OCR ""7tw""; UFS ad ""CROSSWORD PUZZLER (6tw)""",sim_editor-publisher_1981-07-25_114_30
1981,United Feature Syndicate,NFL Football Crossword Puzzle,NFL Properties,seasonal,"21x12""; UFS ad ""NFL CROSSWORD PUZZLE (1tw)""",sim_editor-publisher_1981-07-25_114_30
1981,United Feature Syndicate,Prize Crosswords,,weekly,"21x3.5""",sim_editor-publisher_1981-07-25_114_30
1981,United Feature Syndicate,Prizeweek Puzzle,,weekly,"21x3.5""",sim_editor-publisher_1981-07-25_114_30
1981,United Feature Syndicate,Sunday Crossword Puzzler,,weekly,"display ad only (UFS ad ""SUNDAY CROSSWORD PUZZLER (1tw)"")",sim_editor-publisher_1981-07-25_114_30
1981,United Feature Syndicate,Today's Crossword,,seven a week (incl. Sunday),"classified ""7tw ... /S""; UFS ad ""TODAY'S CROSSWORD PUZZLE (6tw)"" and ""TODAY'S SUNDAY PUZZLE (1tw)""",sim_editor-publisher_1981-07-25_114_30
1981,United Feature Syndicate,TV Crosswords,Staff,weekly,"33x7.75""",sim_editor-publisher_1981-07-25_114_30
1981,UPI (International Features Division),Crucigramas,M. A. Balsa,six a week,"Spanish crosswords; 3x3""",sim_editor-publisher_1981-07-25_114_30
1981,Young Productions Inc,Sports Quiz-Cross,Al Power,weekly,"2 col. 5.5""",sim_editor-publisher_1981-07-25_114_30
1982,Al Smith Feature Service,Crossword,,weekly,"3.25x4.75""",sim_editor-publisher_1982-07-31_115_31
1982,Allied Feature Syndicate,Jr. Crossword,Ed Jerome,six a week,"10x3.75""/20x2""; juvenile",sim_editor-publisher_1982-07-31_115_31
1982,AP Newsfeatures,Crossword Puzzle,Nina Cooper,six a week,"22x8.125""",sim_editor-publisher_1982-07-31_115_31
1982,AP Newsfeatures,Sunday Crossword,Chet Currier,Sunday,"45x5.625""",sim_editor-publisher_1982-07-31_115_31
1982,Canada Wide Feature Services (Canada),Canadian Crossword,Marian Morrison,weekly,"Canadian; 30x6.5""",sim_editor-publisher_1982-07-31_115_31
1982,Community and Suburban Press Service,Crossword Puzzle,,weekly,"2 col. x 7""",sim_editor-publisher_1982-07-31_115_31
1982,Copley News Service,Crossword & Games Mini Pkg.,Various Authors,weekly,package incl. crossword,sim_editor-publisher_1982-07-31_115_31
1982,Copley News Service,Crossword Puzzle,,weekly,2-3 col.,sim_editor-publisher_1982-07-31_115_31
1982,Dickson-Bennett International Features,Kids' Krossword,Naida Dickson,weekly,"juvenile; code OCR ""OBI"" = DBI",sim_editor-publisher_1982-07-31_115_31
1982,Dickson-Bennett International Features,Zany Crossword,Naida Dickson,weekly,"32x9.5""; title OCR ""Zaag CrassmnI""",sim_editor-publisher_1982-07-31_115_31
1982,Editors Copy Syndicate,Crossword,H. L. Risten,weekly,"20x9""",sim_editor-publisher_1982-07-31_115_31
1982,Field Newspaper Syndicate,Crossword Puzzle (Frontline Features),Jeanne Lutwiniak,weekly,display ad only; part of Frontline Features package for weekly newspapers,sim_editor-publisher_1982-07-31_115_31
1982,King Features Syndicate,Crossword Puzzle With Cryptoquips,Eugene Sheffer,six a week,2 col.,sim_editor-publisher_1982-07-31_115_31
1982,King Features Syndicate,Crossword Puzzle With Cryptoquotes,Thomas Joseph,six a week,2 col.,sim_editor-publisher_1982-07-31_115_31
1982,King Features Syndicate,Premier Crossword Puzzle,Jo Paquin,Sunday,3 col.,sim_editor-publisher_1982-07-31_115_31
1982,King Features Syndicate,Spanish Crossword Puzzle,Alfaro,six a week,2 col.,sim_editor-publisher_1982-07-31_115_31
1982,King Features Syndicate,Spanish Crossword Puzzle,Ramos,six a week,2 col.,sim_editor-publisher_1982-07-31_115_31
1982,Los Angeles Times Syndicate,Los Angeles Times Crossword Puzzle,Margaret Farrar,six a week and Sunday,"21x3.5""/31x5""",sim_editor-publisher_1982-07-31_115_31
1982,Los Angeles Times Syndicate,Quote Acrostic,Charles Preston,weekly,"acrostic; 17x6""",sim_editor-publisher_1982-07-31_115_31
1982,Mark Morgan Inc.,Crossword,Agnes DeSatta,weekly,"21x6.5""",sim_editor-publisher_1982-07-31_115_31
1982,McNaught Syndicate,Crossword,,weekly,"7x3.25""",sim_editor-publisher_1982-07-31_115_31
1982,NEA (Newspaper Enterprise Association),Crossword Puzzle,Staff,six a week,"21.5x8""; NEA ad ""DAILY CROSSWORD PUZZLE (6tw)""",sim_editor-publisher_1982-07-31_115_31
1982,New York Times (News Service / Special Features),Daily & Sunday Crossword Puzzles,Eugene T. Maleska (Editor),six a week and Sunday,by mail,sim_editor-publisher_1982-07-31_115_31
1982,Oceanic Press Service,Daily & Weekly Crosswords,Gordon,weekly and seven a week,quarter page,sim_editor-publisher_1982-07-31_115_31
1982,Register and Tribune Syndicate,The Observer Crossword Puzzle,Charles Preston,weekly,,sim_editor-publisher_1982-07-31_115_31
1982,Singer Communications,Crosswords,A. Foley,weekly,quarter page,sim_editor-publisher_1982-07-31_115_31
1982,Singer Communications,Juvenile Picture Crosswords,Trag and Engleman,weekly,juvenile; page,sim_editor-publisher_1982-07-31_115_31
1982,Suburban Features,Crossword Puzzle,Staff,weekly,"19x6""",sim_editor-publisher_1982-07-31_115_31
1982,Tribune Company Syndicate,New York News Crossword,Herb Ettenson (Editor),six a week,"21x8.5""; TCS ad mentions a ""commuter puzzle for those in a hurry""",sim_editor-publisher_1982-07-31_115_31
1982,Tribune Company Syndicate,The Daily Crossword,Herb Ettenson (Editor),six a week,"21x9""",sim_editor-publisher_1982-07-31_115_31
1982,Tribune Company Syndicate,The Sunday Crossword,Herb Ettenson (Editor),Sunday,page,sim_editor-publisher_1982-07-31_115_31
1982,United Feature Syndicate,Crossword Puzzler,,six a week and Sunday,"21x12""/21x7""",sim_editor-publisher_1982-07-31_115_31
1982,United Feature Syndicate,MoneyWords,Judd Hambrick,weekly,"display ad only; UFS ad calls it a new ""Construct-A-Crossword contest puzzle""; crossword contest",sim_editor-publisher_1982-07-31_115_31
1982,United Feature Syndicate,NFL Football Puzzle,NFL Properties,seasonal,"21x12""; listed under crosswords (1981: ""NFL Football Crossword Puzzle"")",sim_editor-publisher_1982-07-31_115_31
1982,United Feature Syndicate,Prize Crosswords,,weekly,"21x3.5""",sim_editor-publisher_1982-07-31_115_31
1982,United Feature Syndicate,Prizeweek Puzzle,,weekly,"display ad only; UFS ad: ""A weekly competition crossword puzzle featuring multiple-answer clues""",sim_editor-publisher_1982-07-31_115_31
1982,United Feature Syndicate,Sunday Crossword Puzzler,,weekly,"display ad only (UFS ad ""SUNDAY CROSSWORD PUZZLER (1tw)"")",sim_editor-publisher_1982-07-31_115_31
1982,United Feature Syndicate,Today's Crossword Puzzle,,six a week and Sunday,"21x8.5""/35x12""; UFS ad ""Difficult and different""",sim_editor-publisher_1982-07-31_115_31
1982,United Feature Syndicate,TV Crosswords,Staff,weekly,"33x7.75""",sim_editor-publisher_1982-07-31_115_31
1982,UPI (International Features Division),Crucigramas,M. A. Balsa,six a week,"Spanish crosswords; 3x3""; code OCR ""UPIFO""",sim_editor-publisher_1982-07-31_115_31
1982,Young Productions Inc,Sports Quiz-Cross,Al Power,weekly,"2 col. 5.5""",sim_editor-publisher_1982-07-31_115_31
1983,Al Smith Feature Service,Crossword,,weekly,"3.25x4.75""",sim_editor-publisher_1983-07-30_116_31
1983,AP Newsfeatures,Crossword Puzzle,Nina Cooper,six a week,"22x8.125""",sim_editor-publisher_1983-07-30_116_31
1983,AP Newsfeatures,Sunday Crossword,Chet Currier,Sunday,"45x5.625""",sim_editor-publisher_1983-07-30_116_31
1983,Canada Wide Feature Services (Canada),Canadian Crossword,Marian Morrison,weekly,"Canadian; 30x7""",sim_editor-publisher_1983-07-30_116_31
1983,Community and Suburban Press Service,Puzzle,Staff,weekly,2 col.; listed under crosswords,sim_editor-publisher_1983-07-30_116_31
1983,Copley News Service,Crossword & Games,Various Authors,weekly,package incl. crossword,sim_editor-publisher_1983-07-30_116_31
1983,Copley News Service,Crossword Puzzle,Staff,weekly,2 col./3 col.,sim_editor-publisher_1983-07-30_116_31
1983,Editors Copy Syndicate,Crossword,H. L. Risten,weekly,"20x9""",sim_editor-publisher_1983-07-30_116_31
1983,Field Newspaper Syndicate,Crossword Puzzle (Frontline Features),Jeanne Lutwiniak,weekly,"display ad only; Frontline Features package for weekly newspapers (classified lists ""Front Line Features"" under crosswords)",sim_editor-publisher_1983-07-30_116_31
1983,King Features Syndicate,Crossword Puzzle With Cryptoquips,Eugene Sheffer,six a week,2 col.,sim_editor-publisher_1983-07-30_116_31
1983,King Features Syndicate,Crossword Puzzle With Cryptoquotes,Thomas Joseph,six a week,2 col.,sim_editor-publisher_1983-07-30_116_31
1983,King Features Syndicate,Premier Crossword Puzzle,Jo Paquin,Sunday,"3 col.; code OCR ""KES""",sim_editor-publisher_1983-07-30_116_31
1983,King Features Syndicate,Spanish Crossword Puzzle,Alfaro,six a week,"2 col.; code OCR ""KES""",sim_editor-publisher_1983-07-30_116_31
1983,King Features Syndicate,Spanish Crossword Puzzle,Ramos,six a week,"2 col.; code OCR ""KES""",sim_editor-publisher_1983-07-30_116_31
1983,Los Angeles Times Syndicate,Los Angeles Times Crossword Puzzle,Margaret Farrar,six a week and Sunday,"21x3.5""/31x5""",sim_editor-publisher_1983-07-30_116_31
1983,Los Angeles Times Syndicate,Quote-Acrostic,Charles Preston,weekly,"acrostic; 17x6""",sim_editor-publisher_1983-07-30_116_31
1983,Mark Morgan Inc.,Crossword,Agnes DeSatta,weekly,"21x6.5""",sim_editor-publisher_1983-07-30_116_31
1983,Megalo Media,National Challenge,J. Baxter Newgate,Sunday,"listed under crosswords; contest puzzle, nature unclear; also listed weekly under Word Games with code CF (Columbia Features)",sim_editor-publisher_1983-07-30_116_31
1983,NEA (Newspaper Enterprise Association),Crossword Puzzle,Staff,six a week,"21.5x8""/21.5x6.5""; NEA ad ""DAILY CROSSWORD PUZZLE (6tw)""",sim_editor-publisher_1983-07-30_116_31
1983,New York Times (News Service / Special Features),Daily & Sunday Crossword Puzzles,Eugene T. Maleska,six a week and Sunday,"by mail; heavily garbled OCR (code ""IffI""); NYT ad lists Sunday and daily crosswords",sim_editor-publisher_1983-07-30_116_31
1983,Oceanic Press Service,Daily & Weekly Crosswords,Gordon,weekly and seven a week,quarter page,sim_editor-publisher_1983-07-30_116_31
1983,Register and Tribune Syndicate,The Observer Crossword Puzzle,Charles Preston,weekly,R&T display ad,sim_editor-publisher_1983-07-30_116_31
1983,Singer Communications,Crosswords,A. Foley,weekly,quarter page,sim_editor-publisher_1983-07-30_116_31
1983,Singer Communications,Crosswordwise,,six a week,quarter page; listed under Word Games; nature uncertain (crossword-related by title),sim_editor-publisher_1983-07-30_116_31
1983,Singer Communications,Juvenile Crosswords,Various Artists,seven a week,juvenile; listed under Word Games,sim_editor-publisher_1983-07-30_116_31
1983,Singer Communications,Juvenile Picture Crosswords,Trag & Engleman,weekly,juvenile; page,sim_editor-publisher_1983-07-30_116_31
1983,Tribune Company Syndicate,New York News Crossword,Herb Ettenson (Editor),six a week,"21x8.5""",sim_editor-publisher_1983-07-30_116_31
1983,Tribune Company Syndicate,The Daily Crossword,Herb Ettenson (Editor),six a week,"21x9""; TCS ad: daily and Sunday versions ""plus a commuter puzzle for those in a hurry""",sim_editor-publisher_1983-07-30_116_31
1983,Tribune Company Syndicate,The Sunday Crossword,Herb Ettenson (Editor),Sunday,page,sim_editor-publisher_1983-07-30_116_31
1983,United Feature Syndicate,Crossword Puzzler,,six a week and Sunday,"21x12""/21x7""",sim_editor-publisher_1983-07-30_116_31
1983,United Feature Syndicate,Prize Crosswords,,weekly,"21x3.5""",sim_editor-publisher_1983-07-30_116_31
1983,United Feature Syndicate,Prizeweek Puzzle,,weekly,"UFS ad: ""weekly competition crossword puzzle featuring multiple-answer clues""",sim_editor-publisher_1983-07-30_116_31
1983,United Feature Syndicate,Puzzlum,Brian Considine,seven a week,"listed under crosswords; UFS ad: a ""head-to-tail"" variation on the crossword set in a maze format; crossword variant; title OCR ""Pozzllllll""/""puzzum""",sim_editor-publisher_1983-07-30_116_31
1983,United Feature Syndicate,Sunday Crossword Puzzler,,weekly,display ad only (UFS ad),sim_editor-publisher_1983-07-30_116_31
1983,United Feature Syndicate,Theme Crossword Puzzle,William Lutwiniak,weekly,display ad only (UFS ad),sim_editor-publisher_1983-07-30_116_31
1983,United Feature Syndicate,Today's Crossword Puzzle,,six a week and Sunday,"21x8.5""/35x12""",sim_editor-publisher_1983-07-30_116_31
1983,United Feature Syndicate,TV Crosswords,Staff,weekly,"33x7.75""",sim_editor-publisher_1983-07-30_116_31
1983,UPI (International Features Division),Crucigramas,M. A. Balsa,six a week,"Spanish crosswords; 3x3""; title OCR ""Cniciframas""",sim_editor-publisher_1983-07-30_116_31
1983,Young Productions Inc,Sports Quiz-Cross,Al Power,weekly,"2 col. x 5.5""",sim_editor-publisher_1983-07-30_116_31
1984,Al Smith Feature Service,Crossword,Staff,weekly,"3.25x4.75""",sim_editor-publisher_1984-07-28_117_30
1984,AP Newsfeatures,Crossword Puzzle,Nina Cooper,six a week,"22x8.125""",sim_editor-publisher_1984-07-28_117_30
1984,AP Newsfeatures,Sunday Crossword,Chet Currier,Sunday,"45x5.625""",sim_editor-publisher_1984-07-28_117_30
1984,Canada Wide Feature Services (Canada),Canadian Crossword,Marian Morrison,weekly,"Canadian; 30x7""",sim_editor-publisher_1984-07-28_117_30
1984,Capaha Features Syndicate,Pictorial Crosswords for Kids 8 to 80,Vic and Linda Virga,,display ad only,sim_editor-publisher_1984-07-28_117_30
1984,Community and Suburban Press Service,Puzzle,Staff,weekly,"4.25""; listed under crosswords",sim_editor-publisher_1984-07-28_117_30
1984,Copley News Service,Crossword & Games,Various,weekly,package incl. crossword,sim_editor-publisher_1984-07-28_117_30
1984,Copley News Service,Crossword Puzzle,Staff,weekly,"4.25""/6 7/16""",sim_editor-publisher_1984-07-28_117_30
1984,Dickson Feature Service,Kids' Crossword,Staff,weekly,"3 1/8x9""; juvenile",sim_editor-publisher_1984-07-28_117_30
1984,Dickson Feature Service,Zany Crossword,Staff,weekly,"5x9.25""",sim_editor-publisher_1984-07-28_117_30
1984,Editors Copy Syndicate,Crossword,H. L. Risten,weekly,"20x9""",sim_editor-publisher_1984-07-28_117_30
1984,King Features Syndicate,Crossword Puzzle With Cryptoquips,Eugene Sheffer,six a week,"4.25""",sim_editor-publisher_1984-07-28_117_30
1984,King Features Syndicate,Crossword Puzzle With Cryptoquotes,Thomas Joseph,six a week,"4.25""",sim_editor-publisher_1984-07-28_117_30
1984,King Features Syndicate,Premier Crossword Puzzle,Jo Paquin,Sunday,"6 7/16""",sim_editor-publisher_1984-07-28_117_30
1984,King Features Syndicate,Spanish Crossword Puzzle,Alfaro,six a week,"3 5/32""",sim_editor-publisher_1984-07-28_117_30
1984,King Features Syndicate,Spanish Crossword Puzzle,Ramos,six a week,"3 5/32""",sim_editor-publisher_1984-07-28_117_30
1984,Los Angeles Times Syndicate,Los Angeles Times Crossword Puzzle,Staff,six a week and Sunday,"21x3.5""/31x5""; LAT ad: dailies edited by Trude Jaffe, Sundays by ""James G. ?oldt"" (surname OCR garbled)",sim_editor-publisher_1984-07-28_117_30
1984,Los Angeles Times Syndicate,Quote-Acrostic,Charles Preston,weekly,"acrostic; 17x6""",sim_editor-publisher_1984-07-28_117_30
1984,Mark Morgan Inc.,Crossword,Agnes DeSatta,weekly,"21x6.5""",sim_editor-publisher_1984-07-28_117_30
1984,McNaught Syndicate,Crossword Puzzle,Jesse Jacobs,weekly,by mail,sim_editor-publisher_1984-07-28_117_30
1984,Megalo Media,National Challenge,J. Baxter Newgate,Sunday,"listed under crosswords; contest puzzle, nature unclear",sim_editor-publisher_1984-07-28_117_30
1984,NEA (Newspaper Enterprise Association),Crossword Puzzle,Staff,six a week,"2x7""; NEA ad ""CROSSWORD PUZZLE (6tw)""",sim_editor-publisher_1984-07-28_117_30
1984,New York Times Syndication,Daily & Sunday Crossword Puzzles,Eugene T. Maleska,six a week and Sunday,"by mail; NYT ad; code OCR ""NTT"" in title index",sim_editor-publisher_1984-07-28_117_30
1984,News America Syndicate,Crossword Puzzle (Frontline Features),Jeanne Lutwiniak,weekly,display ad only; Frontline Features package for weeklies,sim_editor-publisher_1984-07-28_117_30
1984,News America Syndicate,X-Word,Staff,six a week and Sunday,25.5 x var.,sim_editor-publisher_1984-07-28_117_30
1984,Oceanic Press Service,Daily & Weekly Crosswords,Gordon,weekly and seven a week,quarter page,sim_editor-publisher_1984-07-28_117_30
1984,Register and Tribune Syndicate,The Observer Crossword Puzzle,Charles Preston,weekly,"display ad ""OBSERVER CROSSWORD PUZZLE ... 1tw""",sim_editor-publisher_1984-07-28_117_30
1984,Singer Communications,Acrostics,Hart,weekly,acrostic; listed under Word Games,sim_editor-publisher_1984-07-28_117_30
1984,Singer Communications,Crosswords,A. Foley,weekly,quarter page,sim_editor-publisher_1984-07-28_117_30
1984,Singer Communications,Crosswordwise,Various,six a week,quarter page; listed under Word Games; nature uncertain,sim_editor-publisher_1984-07-28_117_30
1984,Singer Communications,Juvenile Crosswords,Various,seven a week,juvenile; listed under Word Games,sim_editor-publisher_1984-07-28_117_30
1984,Singer Communications,Juvenile Picture Crosswords,Trag & Engleman,weekly,juvenile; page,sim_editor-publisher_1984-07-28_117_30
1984,Suburban Features,Crossword,,weekly,"display ad only (""CROSSWORD— weekly puzzle"")",sim_editor-publisher_1984-07-28_117_30
1984,Tribune Media Services,New York News Crossword,Herb Ettenson (Editor),six a week,"21x8.5""",sim_editor-publisher_1984-07-28_117_30
1984,Tribune Media Services,The Daily Crossword,Herb Ettenson (Editor),six a week,"21x9""; TMS ad mentions daily, Sunday and ""his new commuter edition""",sim_editor-publisher_1984-07-28_117_30
1984,Tribune Media Services,The Sunday Crossword,Herb Ettenson (Editor),Sunday,page,sim_editor-publisher_1984-07-28_117_30
1984,Tribune Media Services,TV Crossword,,weekly,display ad only (TMS ad),sim_editor-publisher_1984-07-28_117_30
1984,United Feature Syndicate,Crossword Puzzler,Staff,six a week and Sunday,"2x7""; UFS ad ""CROSSWORD PUZZLER (6tw)""",sim_editor-publisher_1984-07-28_117_30
1984,United Feature Syndicate,Prize Crosswords,Staff,weekly,"2x5.25""",sim_editor-publisher_1984-07-28_117_30
1984,United Feature Syndicate,Prizeweek Puzzle,Staff,weekly,"2x3.5""",sim_editor-publisher_1984-07-28_117_30
1984,United Feature Syndicate,Puzzlink,Brian Considine,seven a week,"listed under crosswords; 1x5.25""; crossword variant (maze format; ""Puzzlum"" in 1983)",sim_editor-publisher_1984-07-28_117_30
1984,United Feature Syndicate,Sunday Crossword Puzzler,,weekly,display ad only (UFS ad),sim_editor-publisher_1984-07-28_117_30
1984,United Feature Syndicate,Theme Crossword,William Lutwiniak,weekly,display ad only (UFS ad),sim_editor-publisher_1984-07-28_117_30
1984,United Feature Syndicate,Today's Crossword,Staff,six a week,"2x10.5""/3x5.25""",sim_editor-publisher_1984-07-28_117_30
1984,United Feature Syndicate,Today's Sunday,Staff,Sunday,"2x10.5""/3x5.25""",sim_editor-publisher_1984-07-28_117_30
1984,United Feature Syndicate,TV Crosswords,Staff,weekly,"3x7""",sim_editor-publisher_1984-07-28_117_30
1984,Universal Press Syndicate,Kwik Kross,Puzzle Buffs International,six a week,"4.25""; UPS ad ""KWIK KROSS ... 6x weekly""",sim_editor-publisher_1984-07-28_117_30
1984,UPI (International Features Division),Crucigramas,M. A. Balsa,six a week,"Spanish crosswords; 3x3""",sim_editor-publisher_1984-07-28_117_30
1984,Young Productions Inc,Sports Quiz-Cross,Al Power,weekly,"42x11"" (OCR)",sim_editor-publisher_1984-07-28_117_30
1985,Al Smith Feature Service,Crossword,Staff,weekly,,sim_editor-publisher_1985-07-27_118_30_0
1985,AP Newsfeatures,Crossword Puzzle,Nina Cooper,six a week,,sim_editor-publisher_1985-07-27_118_30_0
1985,AP Newsfeatures,Sunday Crossword,Chet Currier,Sunday,,sim_editor-publisher_1985-07-27_118_30_0
1985,Canada Wide Feature Service (Canada),Canadian Crossword,Marian Morrison,weekly,Canadian,sim_editor-publisher_1985-07-27_118_30_0
1985,Capaha Features Syndicate,Pictorial Crosswords for Kids 8 to 80,Vic and Linda Virga,,display ad,sim_editor-publisher_1985-07-27_118_30_0
1985,code CSI (unidentified),The Observer Crossword Puzzle,Charles Preston,weekly,,sim_editor-publisher_1985-07-27_118_30_0
1985,code DFS (unidentified),Kids' Crossword,Staff,weekly,,sim_editor-publisher_1985-07-27_118_30_0
1985,code DFS (unidentified),Zany Crossword Or Regular Crossword,Staff,weekly,,sim_editor-publisher_1985-07-27_118_30_0
1985,"code OCR ""UPS"" (Universal Press Syndicate?)",Crossword,Singer Communications,six a week,syndicate code uncertain,sim_editor-publisher_1985-07-27_118_30_0
1985,"code OCR ""UPS"" (Universal Press Syndicate?)",Crossword (daily and Sunday),Singer Communications,weekly/Sunday,syndicate code uncertain,sim_editor-publisher_1985-07-27_118_30_0
1985,code SPF (unidentified),Sports ... Crossword,Steve Olhwe (OCR),weekly,title OCR garbled,sim_editor-publisher_1985-07-27_118_30_0
1985,code UPIFD (UPI?),Crucigramas (Spanish crosswords),M. A. Balsa,six a week,"title OCR ""Cnici(rMMs""; uncertain",sim_editor-publisher_1985-07-27_118_30_0
1985,code WTS (unidentified),Quote Acrostic,Charles Preston,weekly,acrostic,sim_editor-publisher_1985-07-27_118_30_0
1985,Community and Suburban Press Service,Puzzle,Staff,weekly,listed under crosswords,sim_editor-publisher_1985-07-27_118_30_0
1985,Copley News Service,Crossword Games,Various,weekly,,sim_editor-publisher_1985-07-27_118_30_0
1985,Copley News Service,Crossword Puzzle,Staff,weekly,,sim_editor-publisher_1985-07-27_118_30_0
1985,Editors Copy Syndicate,Crossword,H. L. Risten,weekly,"20x9""; OCR of this whole section is badly garbled (titles like ""Crassward"")",sim_editor-publisher_1985-07-27_118_30_0
1985,King Features Syndicate,Crossword Puzzle With Cryptoquips,Eugene Sheffer,six a week,,sim_editor-publisher_1985-07-27_118_30_0
1985,King Features Syndicate,Crossword Puzzle With Cryptoquotes,Thomas Joseph,six a week,,sim_editor-publisher_1985-07-27_118_30_0
1985,King Features Syndicate,Premier Crossword Puzzle,Jo Paquin,Sunday,,sim_editor-publisher_1985-07-27_118_30_0
1985,King Features Syndicate,Spanish Crossword Puzzle,Alfaro,six a week,,sim_editor-publisher_1985-07-27_118_30_0
1985,King Features Syndicate,Spanish Crossword Puzzle,Ramos,six a week,,sim_editor-publisher_1985-07-27_118_30_0
1985,King Features Syndicate,Sunday Crossword Puzzle (Spanish Only),Various,weekly,title OCR garbled,sim_editor-publisher_1985-07-27_118_30_0
1985,Los Angeles Times Syndicate,Los Angeles Times Crossword Puzzle,Staff,seven a week and Sunday,,sim_editor-publisher_1985-07-27_118_30_0
1985,Mark Morgan Inc.,Crossword,Agnes DeSatta,weekly,,sim_editor-publisher_1985-07-27_118_30_0
1985,McNaught Syndicate,Crossword Puzzle,Jesse Jacobs,weekly,,sim_editor-publisher_1985-07-27_118_30_0
1985,NEA (Newspaper Enterprise Association),Crossword Puzzle,Staff,six a week,"2x7""",sim_editor-publisher_1985-07-27_118_30_0
1985,New York Times Syndication,Daily & Sunday Crossword Puzzles,Eugene T. Maleska,six a week and Sunday,,sim_editor-publisher_1985-07-27_118_30_0
1985,Oceanic Press Service,Daily & Weekly Crosswords,Gordon,weekly and daily,,sim_editor-publisher_1985-07-27_118_30_0
1985,Singer Communications,Crosswords,A. Foley,weekly,quarter page,sim_editor-publisher_1985-07-27_118_30_0
1985,Singer Communications,Juvenile Picture Crosswords,Trag & Engleman,weekly,,sim_editor-publisher_1985-07-27_118_30_0
1985,Suburban Features,Crossword,Staff,weekly,,sim_editor-publisher_1985-07-27_118_30_0
1985,Tribune Media Services,New York News Crossword,Herb Ettenson (Editor),six a week,,sim_editor-publisher_1985-07-27_118_30_0
1985,Tribune Media Services,The Daily Crossword,Herb Ettenson (Editor),six a week,,sim_editor-publisher_1985-07-27_118_30_0
1985,Tribune Media Services,The Sunday Crossword,Herb Ettenson (Editor),Sunday,,sim_editor-publisher_1985-07-27_118_30_0
1985,Tribune Media Services,TV X-Words,Herb Ettenson,weekly,,sim_editor-publisher_1985-07-27_118_30_0
1985,United Feature Syndicate,Crossword Puzzler,Staff,six a week,,sim_editor-publisher_1985-07-27_118_30_0
1985,United Feature Syndicate,Prize Crosswords,Staff,weekly,,sim_editor-publisher_1985-07-27_118_30_0
1985,United Feature Syndicate,Prizeweek Puzzle,Staff,weekly,,sim_editor-publisher_1985-07-27_118_30_0
1985,United Feature Syndicate,Sunday Crossword Puzzler,Staff,Sunday,,sim_editor-publisher_1985-07-27_118_30_0
1985,United Feature Syndicate,Theme Crossword,William Lutwiniak,weekly,,sim_editor-publisher_1985-07-27_118_30_0
1985,United Feature Syndicate,Today's Crossword,Staff,six a week and Sunday,"""Today's Sunday"" listed separately",sim_editor-publisher_1985-07-27_118_30_0
1985,United Feature Syndicate,TV Crosswords,Staff,weekly,,sim_editor-publisher_1985-07-27_118_30_0
1986,Al Smith Feature Service,Crossword,Staff,weekly,"3.25x4.75""",sim_editor-publisher_1986-07-26_119_30_0
1986,AP Newsfeatures,Crossword Puzzle,Nina Cooper,six a week,"22x8.125""",sim_editor-publisher_1986-07-26_119_30_0
1986,AP Newsfeatures,Sunday Crossword,Chet Currier,Sunday,"45x5.625""",sim_editor-publisher_1986-07-26_119_30_0
1986,Canada Wide Feature Services (Canada),Canadian Crossword,Marian Morrison,weekly,"Canadian; 30x7""",sim_editor-publisher_1986-07-26_119_30_0
1986,Community and Suburban Press Service,Puzzle,Staff,weekly,"4.25""; listed under crosswords",sim_editor-publisher_1986-07-26_119_30_0
1986,Copley News Service,Crossword & Games,Various,weekly,package incl. crossword,sim_editor-publisher_1986-07-26_119_30_0
1986,Copley News Service,Crossword Puzzle,Staff,weekly,"4.25""/6 7/16""",sim_editor-publisher_1986-07-26_119_30_0
1986,Dickson Feature Service,Kids' Crossword,Staff,weekly,"3 1/8x9""; juvenile; title OCR ""RMS' Crossrttord""",sim_editor-publisher_1986-07-26_119_30_0
1986,Dickson Feature Service,Zany Crossword Or Regular Crossword,Staff,weekly,"5x9.25""; code from title index; title OCR garbled",sim_editor-publisher_1986-07-26_119_30_0
1986,Editors Copy Syndicate,Crossword,H. L. Risten,weekly,"20x9""",sim_editor-publisher_1986-07-26_119_30_0
1986,King Features Syndicate,Crossword Puzzle With Cryptoquips,Eugene Sheffer,six a week,"19.25x7.25""; classified freq OCR ""Stw"", word-games listing and KFS ad say 6tw",sim_editor-publisher_1986-07-26_119_30_0
1986,King Features Syndicate,Crossword Puzzle With Cryptoquotes,Thomas Joseph,six a week,"19.25x5.5""; freq OCR ""Stw""; word-games listing 6tw",sim_editor-publisher_1986-07-26_119_30_0
1986,King Features Syndicate,Maritza Sunday Crossword Puzzle (Spanish Only),Various,weekly,"Spanish; 6 7/16""",sim_editor-publisher_1986-07-26_119_30_0
1986,King Features Syndicate,One Minute Puzzle,Various,six a week,"12.5x4""; KFS ad ""THE ONE-MINUTE CROSSWORD ... One-column SAU. 6TW""",sim_editor-publisher_1986-07-26_119_30_0
1986,King Features Syndicate,Premier Crossword Puzzle,Jo Paquin,Sunday,"37.5x12""",sim_editor-publisher_1986-07-26_119_30_0
1986,King Features Syndicate,Spanish Crossword Puzzle,Alfaro,six a week,"3 5/32""; freq OCR ""Stw""; KFS ad ""Each 6TW""",sim_editor-publisher_1986-07-26_119_30_0
1986,King Features Syndicate,Spanish Crossword Puzzle,Ramos,six a week,"3 5/32""",sim_editor-publisher_1986-07-26_119_30_0
1986,King Features Syndicate,The Observer Crossword Puzzle,Charles Preston,weekly,now KFS (was Register and Tribune); KFS ad,sim_editor-publisher_1986-07-26_119_30_0
1986,Los Angeles Times Syndicate,Los Angeles Times Crossword Puzzle,Staff,six a week and Sunday,"19.5x3.25""/32x5.25""",sim_editor-publisher_1986-07-26_119_30_0
1986,Los Angeles Times Syndicate,Quote-Acrostic,Charles Preston,weekly,"acrostic; 17.5x5.75""",sim_editor-publisher_1986-07-26_119_30_0
1986,Mark Morgan Inc.,Crossword,Agnes DeSatta,weekly,"21x6.5""; title OCR ""Crassword""",sim_editor-publisher_1986-07-26_119_30_0
1986,McNaught Syndicate,Crossword Puzzle,Jesse Jacobs,weekly,by mail,sim_editor-publisher_1986-07-26_119_30_0
1986,Megalo Media,National Challenge,J. Baxter Newgate,Sunday,"listed under crosswords; contest puzzle, nature unclear",sim_editor-publisher_1986-07-26_119_30_0
1986,NEA (Newspaper Enterprise Association),Crossword Puzzle,Staff,six a week,"12x7""; NEA ad ""CROSSWORD PUZZLE (6tw)""",sim_editor-publisher_1986-07-26_119_30_0
1986,New York Times Syndication,Daily & Sunday Crossword Puzzles,Eugene T. Maleska,six a week and Sunday,by mail; NYT ad,sim_editor-publisher_1986-07-26_119_30_0
1986,News America Syndicate,Crossword (Front Line Features),Jeanne Newland,weekly,"Front Line Features package for weeklies, listed under crosswords; NAS ad ""Jeanne Newland (crossword)""",sim_editor-publisher_1986-07-26_119_30_0
1986,Oceanic Press Service,Daily & Weekly Crosswords,Gordon,weekly and seven a week,quarter page,sim_editor-publisher_1986-07-26_119_30_0
1986,Singer Communications,Acrostics,Hart,weekly,acrostic; listed under Word Games,sim_editor-publisher_1986-07-26_119_30_0
1986,Singer Communications,Crosswords,A. Foley,weekly,quarter page,sim_editor-publisher_1986-07-26_119_30_0
1986,Singer Communications,Crosswordwise,Various,six a week,listed under Word Games; nature uncertain,sim_editor-publisher_1986-07-26_119_30_0
1986,Singer Communications,Juvenile Picture Crosswords,Trag & Engleman,weekly,juvenile; page,sim_editor-publisher_1986-07-26_119_30_0
1986,Sportsbuff Features,Sports Buff Crossword,Steve Ollove,weekly,"6.6x4.5""; listed outside the puzzle section",sim_editor-publisher_1986-07-26_119_30_0
1986,Tribune Media Services,New York News Crossword,Herb Ettenson (Editor),six a week,"21x8.5""; TMS ad calls it an easier version; ad also lists ""Commuter Crossword. 6tw""",sim_editor-publisher_1986-07-26_119_30_0
1986,Tribune Media Services,The Daily Crossword,Herb Ettenson (Editor),six a week,"21x9""; TMS ad ""The Crossword by Herb Ettenson. 7tw""",sim_editor-publisher_1986-07-26_119_30_0
1986,Tribune Media Services,The Sunday Crossword,Herb Ettenson (Editor),Sunday,page,sim_editor-publisher_1986-07-26_119_30_0
1986,Tribune Media Services,TV X-Words,Herb Ettenson,weekly / Sunday,"21x9""; code from title index; TMS ad ""TV Crossword. 1tw"", ""the newest""",sim_editor-publisher_1986-07-26_119_30_0
1986,United Feature Syndicate,Crossword Puzzler,Staff,six a week and Sunday,"12x7""",sim_editor-publisher_1986-07-26_119_30_0
1986,United Feature Syndicate,Prize Crosswords,Staff,weekly,"12x5.25""",sim_editor-publisher_1986-07-26_119_30_0
1986,United Feature Syndicate,Prizeweek Puzzle,Staff,weekly,"12x3.5""",sim_editor-publisher_1986-07-26_119_30_0
1986,United Feature Syndicate,Sunday Crossword Puzzler,Staff,weekly / Sunday,,sim_editor-publisher_1986-07-26_119_30_0
1986,United Feature Syndicate,Theme Crossword,William Lutwiniak,weekly,,sim_editor-publisher_1986-07-26_119_30_0
1986,United Feature Syndicate,Today's Crossword,Staff,six a week,"12x10.5""/18x5.25""; freq OCR ""Stw""; UFS ad ""TODAY'S CROSSWORD (6tw)""",sim_editor-publisher_1986-07-26_119_30_0
1986,United Feature Syndicate,Today's Sunday,Staff,Sunday,"code not captured by OCR; UFS per ad ""TODAY'S SUNDAY (1tw)""",sim_editor-publisher_1986-07-26_119_30_0
1986,United Feature Syndicate,TV Crosswords,Staff,weekly,"18x7""; code from title index",sim_editor-publisher_1986-07-26_119_30_0
1986,UPI (International Features Division),Crucigramas,M. A. Balsa,six a week,"Spanish crosswords; 3x3""",sim_editor-publisher_1986-07-26_119_30_0
1987,Al Smith Feature Service,Crossword,Staff,weekly,"3.25x4.75""",sim_editor-publisher_1987-07-25_120_30_0
1987,AP Newsfeatures,Crossword Puzzle,Nina Cooper,six a week,"22x8.125""",sim_editor-publisher_1987-07-25_120_30_0
1987,AP Newsfeatures,Sunday Crossword,Chet Currier,Sunday,"45x5.625""",sim_editor-publisher_1987-07-25_120_30_0
1987,Associated Features,Gene Owens' Associated Crossword,Gene Owens,weekly,2 col.,sim_editor-publisher_1987-07-25_120_30_0
1987,Canada Wide Feature Services (Canada),Canadian Crossword,Marian Morrison,weekly,"Canadian; 30x7""",sim_editor-publisher_1987-07-25_120_30_0
1987,Community and Suburban Press Service,Puzzle,Staff,weekly,"4.25""; listed under crosswords",sim_editor-publisher_1987-07-25_120_30_0
1987,Copley News Service,Crossword & Games,Various,weekly,package incl. crossword,sim_editor-publisher_1987-07-25_120_30_0
1987,Copley News Service,Crossword Puzzle,Dell Books,weekly,"4.25""/6 7/16""; CNS ad ""Dell Publishing (Crossword Puzzles)""",sim_editor-publisher_1987-07-25_120_30_0
1987,Davy Associates,The Washington Post Magazine Puzzle,Steve Patranek (OCR),weekly,"8x10""; by mail; byline OCR uncertain",sim_editor-publisher_1987-07-25_120_30_0
1987,Dickson Feature Service,Kids' Crossword,Staff,weekly,"3 1/8x9""; juvenile",sim_editor-publisher_1987-07-25_120_30_0
1987,Dickson Feature Service,Zany Crossword Or Regular Crossword,Staff,weekly,"5x9.25""",sim_editor-publisher_1987-07-25_120_30_0
1987,Editors Copy Syndicate,Crossword,Staff,weekly,"20x9""",sim_editor-publisher_1987-07-25_120_30_0
1987,King Features Syndicate,Crossword Puzzle With Cryptoquips,Eugene Sheffer,six a week,"19.25x7.25""",sim_editor-publisher_1987-07-25_120_30_0
1987,King Features Syndicate,Crossword Puzzle With Cryptoquotes,Thomas Joseph,six a week,"19.25x5.5""",sim_editor-publisher_1987-07-25_120_30_0
1987,King Features Syndicate,Maritza Sunday Crossword Puzzle (Spanish Only),Various,weekly,"Spanish; 6 7/16""",sim_editor-publisher_1987-07-25_120_30_0
1987,King Features Syndicate,Premier Crossword Puzzle,Jo Paquin,Sunday,"37.5x12""",sim_editor-publisher_1987-07-25_120_30_0
1987,King Features Syndicate,Spanish Crossword Puzzle,Alfaro,six a week,"3 5/32""; freq OCR ""Etw""",sim_editor-publisher_1987-07-25_120_30_0
1987,King Features Syndicate,Spanish Crossword Puzzle,Ramos,six a week,"3 5/32""",sim_editor-publisher_1987-07-25_120_30_0
1987,King Features Syndicate,The Observer Crossword Puzzle,Charles Preston,weekly,KFS ad,sim_editor-publisher_1987-07-25_120_30_0
1987,Los Angeles Times Syndicate,Los Angeles Times Daily Crossword Puzzle,Staff,six a week,"19.5x3.25""",sim_editor-publisher_1987-07-25_120_30_0
1987,Los Angeles Times Syndicate,Los Angeles Times Sunday Crossword Puzzle,Staff,weekly (Sunday),"32x5 3/8""",sim_editor-publisher_1987-07-25_120_30_0
1987,Los Angeles Times Syndicate,Quote-Acrostic,Charles Preston,weekly,"acrostic; 17.5x5.75""; LAT ad",sim_editor-publisher_1987-07-25_120_30_0
1987,Mark Morgan Inc.,Crossword,Agnes DeSatta,weekly,"21x6.5""",sim_editor-publisher_1987-07-25_120_30_0
1987,McNaught Syndicate,Crossword Puzzle,Jesse Jacobs,weekly,by mail,sim_editor-publisher_1987-07-25_120_30_0
1987,Megalo Media,National Challenge,J. Baxter Newgate,Sunday,"listed under crosswords; contest puzzle, nature unclear",sim_editor-publisher_1987-07-25_120_30_0
1987,NEA (Newspaper Enterprise Association),Crossword Puzzle,Staff,six a week,"12x7""; NEA ad",sim_editor-publisher_1987-07-25_120_30_0
1987,New York Times Syndication Sales Corp.,The New York Times Daily & Sunday Crossword Puzzles,Eugene T. Maleska (Editor),six a week and Sunday,by mail; NYT display ad on directory page,sim_editor-publisher_1987-07-25_120_30_0
1987,News America Syndicate,Crossword (Front Line Features),Jeanne Newland,weekly,"Front Line Features package for weeklies, listed under crosswords; NAS ad ""Jeanne Newland (crossword). Weekly release""",sim_editor-publisher_1987-07-25_120_30_0
1987,Oceanic Press Service,Daily & Weekly Crosswords,Gordon,weekly and seven a week,quarter page,sim_editor-publisher_1987-07-25_120_30_0
1987,Singer Communications,Acrostics,Hart,weekly,acrostic; listed under Word Games,sim_editor-publisher_1987-07-25_120_30_0
1987,Singer Communications,Crosswords,A. Foley,weekly,quarter page,sim_editor-publisher_1987-07-25_120_30_0
1987,Singer Communications,Crosswordwise,Various,six a week,listed under Word Games; nature uncertain,sim_editor-publisher_1987-07-25_120_30_0
1987,Singer Communications,Juvenile Picture Crosswords,Trag & Engleman,weekly,juvenile; page,sim_editor-publisher_1987-07-25_120_30_0
1987,Sportsbuff Features,Sports Buff Crossword,Steve Ollove,weekly,"6.6x4.5""",sim_editor-publisher_1987-07-25_120_30_0
1987,The American Way Features,Crossword Puzzle,Naida Dickson,six a week,"byline OCR ""Nadia Dickson""",sim_editor-publisher_1987-07-25_120_30_0
1987,The American Way Features,Crossword Puzzles,Teresa Gress,six a week,"4.5x10""; surname OCR ""Gress""/""Cress""/""Gross""",sim_editor-publisher_1987-07-25_120_30_0
1987,Tribune Media Services,New York News Crossword,Herb Ettenson (Editor),six a week,"21x8.5""; TMS ad ""Commuter Crossword (New York News). 6tw""",sim_editor-publisher_1987-07-25_120_30_0
1987,Tribune Media Services,The Daily Crossword,Herb Ettenson (Editor),six a week,"21x9""; TMS ad ""The Crossword by Herb Ettenson. 7tw""",sim_editor-publisher_1987-07-25_120_30_0
1987,Tribune Media Services,The Sunday Crossword,Herb Ettenson (Editor),Sunday,page,sim_editor-publisher_1987-07-25_120_30_0
1987,Tribune Media Services,TV X-Words,Herb Ettenson,weekly / Sunday,"21x9""; TMS ad ""TV Crossword. 1tw""",sim_editor-publisher_1987-07-25_120_30_0
1987,United Feature Syndicate,Crossword Puzzler,Staff,six a week and Sunday,"12x7""",sim_editor-publisher_1987-07-25_120_30_0
1987,United Feature Syndicate,Prize Crosswords,Staff,weekly,"12x5.25""",sim_editor-publisher_1987-07-25_120_30_0
1987,United Feature Syndicate,Prizeweek Puzzle,Staff,weekly,"12x3.5""",sim_editor-publisher_1987-07-25_120_30_0
1987,United Feature Syndicate,Sunday Crossword Puzzler,Staff,weekly / Sunday,,sim_editor-publisher_1987-07-25_120_30_0
1987,United Feature Syndicate,Theme Crossword,William Lutwiniak,weekly,,sim_editor-publisher_1987-07-25_120_30_0
1987,United Feature Syndicate,Today's Crossword,Staff,six a week,"12x10.5""/18x5.25""",sim_editor-publisher_1987-07-25_120_30_0
1987,United Feature Syndicate,Today's Sunday,Staff,Sunday,,sim_editor-publisher_1987-07-25_120_30_0
1987,United Feature Syndicate,TV Crosswords,Staff,weekly,"18x7""",sim_editor-publisher_1987-07-25_120_30_0
1987,UPI (International Features Division),Crucigramas,M. A. Balsa,six a week,"Spanish crosswords; 3x3""",sim_editor-publisher_1987-07-25_120_30_0
1988,Al Smith Feature Service,Crossword,Staff,weekly,"3.25x4.75""",sim_editor-publisher_1988-07-30_121_31_0
1988,American International Syndicate,Giant Crossword Puzzles,N. Dickson,weekly,"open size; title as printed ""Puzzels""",sim_editor-publisher_1988-07-30_121_31_0
1988,AP Newsfeatures,Crossword Puzzle,Nina Cooper,six a week,"22x8.125""",sim_editor-publisher_1988-07-30_121_31_0
1988,AP Newsfeatures,Sunday Crossword,Chet Currier,Sunday,"45x5.625""",sim_editor-publisher_1988-07-30_121_31_0
1988,Associated Features,Gene Owens' Associated Crossword,Gene Owens,weekly,2 col.,sim_editor-publisher_1988-07-30_121_31_0
1988,Canada Wide Feature Services (Canada),Canadian Crossword,Marian Morrison,weekly,"Canadian; 30x7""",sim_editor-publisher_1988-07-30_121_31_0
1988,Community and Suburban Press Service,Puzzle,Staff,weekly,"4.25""; listed under crosswords",sim_editor-publisher_1988-07-30_121_31_0
1988,Copley News Service,Crossword & Games,Various,weekly,package incl. crossword,sim_editor-publisher_1988-07-30_121_31_0
1988,Copley News Service,Crossword Puzzle,Dell Books,weekly,25.6/12 picas,sim_editor-publisher_1988-07-30_121_31_0
1988,Davy Associates,The Washington Post Magazine Puzzle,Steve Patranek (OCR),weekly,by mail; byline OCR uncertain,sim_editor-publisher_1988-07-30_121_31_0
1988,Dickson Feature Service,Big Crossword,,four a week,"2 or 3 col. SAU; code OCR ""OFS"" (= DFS)",sim_editor-publisher_1988-07-30_121_31_0
1988,Dickson Feature Service,Kids' Crossword,Staff,weekly,"3 1/8x9""; juvenile",sim_editor-publisher_1988-07-30_121_31_0
1988,Dickson Feature Service,Zany Crossword Or Regular Crossword,Staff,weekly,"5x9.25"", 2 col. SAU",sim_editor-publisher_1988-07-30_121_31_0
1988,Editors Copy Syndicate,Crossword,Staff,weekly,"20x9""",sim_editor-publisher_1988-07-30_121_31_0
1988,King Features Syndicate,Crossword Puzzle With Cryptoquips,Eugene Sheffer,six a week,"19.25x7.25""; KFS ad ""Sheffer Crossword with Cryptoquip. 6TW""",sim_editor-publisher_1988-07-30_121_31_0
1988,King Features Syndicate,Crossword Puzzle With Cryptoquotes,Thomas Joseph,six a week,"19.25x5.5""",sim_editor-publisher_1988-07-30_121_31_0
1988,King Features Syndicate,Maritza Sunday Crossword Puzzle (Spanish Only),Various,weekly,"Spanish; 6 7/16""",sim_editor-publisher_1988-07-30_121_31_0
1988,King Features Syndicate,Premier Crossword Puzzle,Jo Paquin,Sunday,"37.5x12""",sim_editor-publisher_1988-07-30_121_31_0
1988,King Features Syndicate,Spanish Crossword Puzzle,Alfaro,six a week,"3 5/32""",sim_editor-publisher_1988-07-30_121_31_0
1988,King Features Syndicate,Spanish Crossword Puzzle,Ramos,six a week,"3 5/32""",sim_editor-publisher_1988-07-30_121_31_0
1988,King Features Syndicate,The Observer Crossword Puzzle,Charles Preston,weekly,KFS ad,sim_editor-publisher_1988-07-30_121_31_0
1988,Los Angeles Times Syndicate,Los Angeles Times Daily Crossword Puzzle,Staff,six a week,"19.5x3.25""; LAT ad",sim_editor-publisher_1988-07-30_121_31_0
1988,Los Angeles Times Syndicate,Los Angeles Times Sunday Crossword Puzzle,Staff,weekly (Sunday),"32x5 3/8""",sim_editor-publisher_1988-07-30_121_31_0
1988,Los Angeles Times Syndicate,Quote-Acrostic,Charles Preston,weekly,"acrostic; 17.5x5.75""; LAT ad",sim_editor-publisher_1988-07-30_121_31_0
1988,Mark Morgan Inc.,Crossword,Agnes DeSatta,weekly,"21x6.5""",sim_editor-publisher_1988-07-30_121_31_0
1988,McNaught Syndicate,Crossword Puzzle,Jesse Jacobs,weekly,by mail,sim_editor-publisher_1988-07-30_121_31_0
1988,Megalo Media,National Challenge,J. Baxter Newgate,Sunday,"listed under crosswords; contest puzzle, nature unclear",sim_editor-publisher_1988-07-30_121_31_0
1988,NEA (Newspaper Enterprise Association),Crossword Puzzle,Staff,six a week,"12x7""; NEA ad",sim_editor-publisher_1988-07-30_121_31_0
1988,New York Times Syndication,Daily & Sunday Crossword Puzzles,Eugene T. Maleska,six a week and Sunday,by mail; NYT ad,sim_editor-publisher_1988-07-30_121_31_0
1988,Oceanic Press Service,Daily & Weekly Crosswords,Gordon,weekly and seven a week,quarter page,sim_editor-publisher_1988-07-30_121_31_0
1988,Scrambl-Gram Inc.,Giant Crossword,Chick Elum,weekly,,sim_editor-publisher_1988-07-30_121_31_0
1988,Scrambl-Gram Inc.,Kwik-Kross,Chick Elum,seven a week,"title OCR ""Awik-Aross""",sim_editor-publisher_1988-07-30_121_31_0
1988,Singer Communications,Acrostic Wit,Hart,weekly,acrostic; listed under Word Games,sim_editor-publisher_1988-07-30_121_31_0
1988,Singer Communications,Acrostics,Hart,weekly,acrostic; listed under Word Games,sim_editor-publisher_1988-07-30_121_31_0
1988,Singer Communications,Crosswords,A. Foley,weekly,quarter page,sim_editor-publisher_1988-07-30_121_31_0
1988,Singer Communications,Crosswordwise,Various,six a week,listed under Word Games; nature uncertain,sim_editor-publisher_1988-07-30_121_31_0
1988,Singer Communications,Juvenile Picture Crosswords,Trag & Engleman,weekly,juvenile; page,sim_editor-publisher_1988-07-30_121_31_0
1988,Sportsbuff Features,Sports Buff Crossword,Steve Ollove,weekly,"37.5x4.5""",sim_editor-publisher_1988-07-30_121_31_0
1988,Tribune Media Services,The Daily Commuter Crossword,Herb Ettenson,six a week,TMS display ad only (New York News Crossword no longer in the classified list),sim_editor-publisher_1988-07-30_121_31_0
1988,Tribune Media Services,The Daily Crossword,Herb Ettenson (Editor),six a week,"21x9""; TMS ad ""THE CROSSWORD by Herb Ettenson (7tw)""",sim_editor-publisher_1988-07-30_121_31_0
1988,Tribune Media Services,The Sunday Crossword,Herb Ettenson (Editor),Sunday,page,sim_editor-publisher_1988-07-30_121_31_0
1988,Tribune Media Services,TV X-Words,Herb Ettenson,weekly / Sunday,"21x9""; TMS ad ""TV CROSSWORD (1tw)""",sim_editor-publisher_1988-07-30_121_31_0
1988,unidentified,Cross Canada Crossword,Robert Gregory,,"Canadian-themed; title index only, code not captured",sim_editor-publisher_1988-07-30_121_31_0
1988,United Feature Syndicate,Crossword Puzzler,Staff,six a week and Sunday,"12x7""",sim_editor-publisher_1988-07-30_121_31_0
1988,United Feature Syndicate,Crucigrama de Hoy,Luis Campos,six a week,"Spanish; 4.25x10""",sim_editor-publisher_1988-07-30_121_31_0
1988,United Feature Syndicate,Prizeweek Puzzle,Staff,weekly,"12x3.5""",sim_editor-publisher_1988-07-30_121_31_0
1988,United Feature Syndicate,Spanish Crosswords,Luis Campos,weekly,"Spanish; 4.25x10""",sim_editor-publisher_1988-07-30_121_31_0
1988,United Feature Syndicate,Sunday Crossword Puzzler,Staff,weekly / Sunday,,sim_editor-publisher_1988-07-30_121_31_0
1988,United Feature Syndicate,Theme Crossword,William Lutwiniak,weekly,,sim_editor-publisher_1988-07-30_121_31_0
1988,United Feature Syndicate,Today's Crossword,Staff,six a week,"12x10.5""/18x5.25""",sim_editor-publisher_1988-07-30_121_31_0
1988,United Feature Syndicate,Today's Sunday,Staff,Sunday,,sim_editor-publisher_1988-07-30_121_31_0
1988,United Feature Syndicate,TV Crosswords,Staff,weekly,"18x7""",sim_editor-publisher_1988-07-30_121_31_0
1988,UPI (International Features Division),Crucigramas,M. A. Balsa,six a week,"Spanish crosswords; 3x3""",sim_editor-publisher_1988-07-30_121_31_0
1988,Whitegate Features Syndicate,Puzzleman,Dick Rogers,six a week,"display ad only; children's feature, ""daily puzzle word game and crossword puzzles""; related, not purely a crossword",sim_editor-publisher_1988-07-30_121_31_0
1989,Al Smith Feature Service,Crossword,Staff,weekly,"3.25x4.75""; code from title index",sim_editor-publisher_1989-07-29_122_30_0
1989,American International Syndicate,Giant Crossword Puzzles,N. Dickson,weekly,open size,sim_editor-publisher_1989-07-29_122_30_0
1989,AP Newsfeatures,Crossword Puzzle,Nina Cooper,six a week,"22x8.125""",sim_editor-publisher_1989-07-29_122_30_0
1989,AP Newsfeatures,Sunday Crossword,Chet Currier,Sunday,"45x5.625""",sim_editor-publisher_1989-07-29_122_30_0
1989,Associated Features,Gene Owens' Associated Crossword,Gene Owens,,title index only,sim_editor-publisher_1989-07-29_122_30_0
1989,Associated Features,Political Puzzle (Crossword),Gene Owens,weekly,3 col.,sim_editor-publisher_1989-07-29_122_30_0
1989,Canada Wide Feature Services (Canada),Canadian Crossword,Marian Morrison,weekly,"Canadian; 30x7""; code from title index",sim_editor-publisher_1989-07-29_122_30_0
1989,Community and Suburban Press Service,Puzzle,Staff,weekly,"4.25""; listed under crosswords",sim_editor-publisher_1989-07-29_122_30_0
1989,Copley News Service,Crossword & Games,Various,weekly,package incl. crossword; CNS ad mentions new GAMES Magazine puzzles,sim_editor-publisher_1989-07-29_122_30_0
1989,Copley News Service,Crossword Puzzle,Games Magazine,weekly,25.6/12 picas,sim_editor-publisher_1989-07-29_122_30_0
1989,Davy Associates,The Washington Post Magazine Puzzle,Steve Patranek (OCR),weekly,"8x10""; mail/wire; byline OCR uncertain",sim_editor-publisher_1989-07-29_122_30_0
1989,Dickson Feature Service,Kids' Crossword,Staff,weekly,"3 1/8x9""; juvenile",sim_editor-publisher_1989-07-29_122_30_0
1989,Dickson Feature Service,Zany Crossword,Staff,weekly,"5x9.25"", 2 col. SAU",sim_editor-publisher_1989-07-29_122_30_0
1989,Dickson Feature Service?,Big Crossword,,four a week,2 or 3 col. SAU; code not captured by OCR; DFS in 1988,sim_editor-publisher_1989-07-29_122_30_0
1989,Editors Copy Syndicate,Crossword,Staff,weekly,"20x9""; code from title index (OCR ""LDC"")",sim_editor-publisher_1989-07-29_122_30_0
1989,King Features Syndicate,Crossword Puzzle With Cryptoquips,Eugene Sheffer,six a week,"19.25x7.25""",sim_editor-publisher_1989-07-29_122_30_0
1989,King Features Syndicate,Crossword Puzzle With Cryptoquotes,Thomas Joseph,six a week,"19.25x5.5""",sim_editor-publisher_1989-07-29_122_30_0
1989,King Features Syndicate,Maritza Sunday Crossword Puzzle (Spanish Only),Various,weekly,"Spanish; 6 7/16""",sim_editor-publisher_1989-07-29_122_30_0
1989,King Features Syndicate,Premier Crossword Puzzle,Jo Paquin,Sunday,"37.5x12""",sim_editor-publisher_1989-07-29_122_30_0
1989,King Features Syndicate,Spanish Crossword Puzzle,Alfaro,six a week,"3 5/32""",sim_editor-publisher_1989-07-29_122_30_0
1989,King Features Syndicate,Spanish Crossword Puzzle,Ramos,six a week,"3 5/32""",sim_editor-publisher_1989-07-29_122_30_0
1989,King Features Syndicate,The Observer Crossword Puzzle,Charles Preston,weekly,code from title index; KFS ad,sim_editor-publisher_1989-07-29_122_30_0
1989,Los Angeles Times Syndicate,Los Angeles Times Daily Crossword Puzzle,Staff,six a week,"19.5x3.25""; LAT ad",sim_editor-publisher_1989-07-29_122_30_0
1989,Los Angeles Times Syndicate,Los Angeles Times Sunday Crossword Puzzle,Staff,weekly (Sunday),"32x5 3/8""",sim_editor-publisher_1989-07-29_122_30_0
1989,Mark Morgan Inc.,Crossword,Agnes DeSatta,weekly,"21x6.5""; code from title index",sim_editor-publisher_1989-07-29_122_30_0
1989,McNaught Syndicate,Crossword Puzzle,Jesse Jacobs,weekly,by mail,sim_editor-publisher_1989-07-29_122_30_0
1989,Megalo Media,National Challenge,J. Baxter Newgate,Sunday,"listed under crosswords; contest puzzle, nature unclear",sim_editor-publisher_1989-07-29_122_30_0
1989,Miller Features Syndicated (Canada),Canadian Crossword,Marian Morrison,weekly,Canadian; quarter page; code from title index,sim_editor-publisher_1989-07-29_122_30_0
1989,NEA (Newspaper Enterprise Association),Crossword Puzzle,Staff,six a week,"12x7""; NEA ad ""CROSSWORD PUZZLES (6tw)""",sim_editor-publisher_1989-07-29_122_30_0
1989,New York Times Syndication,Daily & Sunday Crossword Puzzles,Eugene T. Maleska,six a week and Sunday,by mail; NYT ad,sim_editor-publisher_1989-07-29_122_30_0
1989,Oceanic Press Service,Daily & Weekly Crosswords,Gordon,weekly and seven a week,quarter page,sim_editor-publisher_1989-07-29_122_30_0
1989,Puzzle Features Syndicate,Crossword Puzzles,Calvin R. & Jackie Mathews,seven a week,code from title index,sim_editor-publisher_1989-07-29_122_30_0
1989,Scrambl-Gram Inc.,Giant Crossword,Chick Elum,weekly,,sim_editor-publisher_1989-07-29_122_30_0
1989,Scrambl-Gram Inc.,Kwik-Kross,Chick Elum,seven a week,,sim_editor-publisher_1989-07-29_122_30_0
1989,Singer Communications,Acrostic Wit,Hart,weekly,acrostic; listed under Word Games,sim_editor-publisher_1989-07-29_122_30_0
1989,Singer Communications,Acrostics,Hart,weekly,acrostic; listed under Word Games,sim_editor-publisher_1989-07-29_122_30_0
1989,Singer Communications,Crosswords,A. Foley,weekly,quarter page,sim_editor-publisher_1989-07-29_122_30_0
1989,Singer Communications,Crosswordwise,Various,six a week,listed under Word Games; nature uncertain,sim_editor-publisher_1989-07-29_122_30_0
1989,Singer Communications,Juvenile Picture Crosswords,Trag & Engleman,weekly,juvenile; page,sim_editor-publisher_1989-07-29_122_30_0
1989,Sportsbuff Features,Sports Buff Crossword,Steve Ollove,weekly,"37.5x4.5""",sim_editor-publisher_1989-07-29_122_30_0
1989,Tribune Media Services,Daily Commuter Crossword,Herb Ettenson,six a week,TMS display ad only,sim_editor-publisher_1989-07-29_122_30_0
1989,Tribune Media Services,The Daily Crossword,Herb Ettenson (Editor),six a week,"21x9""; TMS ad ""THE CROSSWORDS by Herb Ettenson ... (7tw)""",sim_editor-publisher_1989-07-29_122_30_0
1989,Tribune Media Services,The Sunday Crossword,Herb Ettenson (Editor),Sunday,page,sim_editor-publisher_1989-07-29_122_30_0
1989,Tribune Media Services,TV X-Words,Herb Ettenson,weekly / Sunday,"21x9""; TMS ad ""TV Crossword (1tw)""",sim_editor-publisher_1989-07-29_122_30_0
1989,TV Listing Inc.,TVL Feature Package Crossword Puzzle,Staff,weekly,,sim_editor-publisher_1989-07-29_122_30_0
1989,unidentified,Big Crossword,Staff,weekly,3 col. SAU; code not captured by OCR,sim_editor-publisher_1989-07-29_122_30_0
1989,unidentified,Cross Canada Crossword,Robert Gregory,weekly,"Canadian-themed; 25x7""; by mail; code not captured",sim_editor-publisher_1989-07-29_122_30_0
1989,unidentified,"KMC Crossword (title OCR ""KMC Crassward"")",Staff,,title index only; title uncertain,sim_editor-publisher_1989-07-29_122_30_0
1989,United Feature Syndicate,Crossword Puzzler,Staff,six a week and Sunday,"12x7""",sim_editor-publisher_1989-07-29_122_30_0
1989,United Feature Syndicate,Crucigrama de Hoy,Luis Campos,six a week,"Spanish; 4.25x10""",sim_editor-publisher_1989-07-29_122_30_0
1989,United Feature Syndicate,Prizeweek Puzzle,Staff,weekly,"12x3.5""",sim_editor-publisher_1989-07-29_122_30_0
1989,United Feature Syndicate,Spanish Crosswords,Luis Campos,weekly,"Spanish; 4.25x10""",sim_editor-publisher_1989-07-29_122_30_0
1989,United Feature Syndicate,Sunday Crossword Puzzler,Staff,weekly / Sunday,,sim_editor-publisher_1989-07-29_122_30_0
1989,United Feature Syndicate,Theme Crossword,William Lutwiniak,weekly,,sim_editor-publisher_1989-07-29_122_30_0
1989,United Feature Syndicate,Today's Crossword,Staff,six a week,"12x10.5""/18x5.25""",sim_editor-publisher_1989-07-29_122_30_0
1989,United Feature Syndicate,Today's Sunday,Staff,Sunday,,sim_editor-publisher_1989-07-29_122_30_0
1989,United Feature Syndicate,TV Crosswords,Staff,weekly,"18x7""",sim_editor-publisher_1989-07-29_122_30_0
1989,United Feature Syndicate?,Quote-Acrostic,Charles Preston,weekly,"acrostic; 17.5x5.75""; code OCR ""UfS"" (LATS in other years; LAT ad in this issue also lists ""Quote-Acrostic Charles Preston 1/wk"")",sim_editor-publisher_1989-07-29_122_30_0
1989,Whitegate Features Syndicate,Puzzleman,Dick Rogers,six a week,"listed under crosswords; children's feature incl. crossword puzzles (Whitegate ad); related, not purely a crossword",sim_editor-publisher_1989-07-29_122_30_0
1990,Al Smith Feature Service,Crossword,Staff,weekly,"3.25x4.75""; syndicate code not captured by OCR; inferred from same feature in 1985/1995 directories",sim_editor-publisher_1990-07-28_123_30_0
1990,American Crossword Federation,Sunday Crossword (New York Newsday Sunday Crossword),Stanley Newman,Sunday,ACF display ad,sim_editor-publisher_1990-07-28_123_30_0
1990,American International Syndicate?,Giant Crossword Puzzles,N. Dickson,weekly,syndicate code not captured by OCR; inferred from same feature in 1985/1995 directories,sim_editor-publisher_1990-07-28_123_30_0
1990,AP Newsfeatures,Crossword Puzzle,Nina Cooper,six a week,syndicate code not captured by OCR; inferred from same feature in 1985/1995 directories,sim_editor-publisher_1990-07-28_123_30_0
1990,AP Newsfeatures,Sunday Crossword,Chet Currier,Sunday,syndicate code not captured by OCR; inferred from same feature in 1985/1995 directories,sim_editor-publisher_1990-07-28_123_30_0
1990,Associated Features (ASD),Alabama Crossword,Gene Owens,weekly,2 col.; regional; code inferred (ASD on Political Puzzle),sim_editor-publisher_1990-07-28_123_30_0
1990,Associated Features (ASD),Associated's Political Crossword,Gene Owens,weekly,2 col.,sim_editor-publisher_1990-07-28_123_30_0
1990,Associated Features (ASD),Kentucky Crossword,Gene Owens,weekly,2 col.; regional,sim_editor-publisher_1990-07-28_123_30_0
1990,Associated Features (ASD),Maryland Crossword,Gene Owens,weekly,2 col.; regional,sim_editor-publisher_1990-07-28_123_30_0
1990,Associated Features (ASD),New England Crossword,Gene Owens,weekly,2 col.; regional,sim_editor-publisher_1990-07-28_123_30_0
1990,Associated Features (ASD),Political Puzzle (Crossword),Gene Owens,weekly,2 col.,sim_editor-publisher_1990-07-28_123_30_0
1990,Associated Features (ASD),Texas Crossword,Gene Owens,weekly,2 col.; regional,sim_editor-publisher_1990-07-28_123_30_0
1990,Associated Features (ASD),Virginia Crossword,Gene Owens,weekly,2 col.; regional,sim_editor-publisher_1990-07-28_123_30_0
1990,BONAT's Diversified?,Crossword Puzzles,Staff,weekly,page; syndicate code not captured by OCR; inferred from same feature in 1985/1995 directories,sim_editor-publisher_1990-07-28_123_30_0
1990,Canada Wide Feature Service (Canada),Canadian Crossword,Marian Morrison,weekly,Canadian; syndicate code not captured by OCR; inferred from same feature in 1985/1995 directories,sim_editor-publisher_1990-07-28_123_30_0
1990,code DFS (unidentified),Daily Dick Crossword,Staff,seven a week,,sim_editor-publisher_1990-07-28_123_30_0
1990,code DFS? (unidentified),Kids' Crossword,Staff,weekly,syndicate code not captured by OCR; inferred from same feature in 1985/1995 directories,sim_editor-publisher_1990-07-28_123_30_0
1990,code DFS? (unidentified),Zany Crossword,Staff,weekly,syndicate code not captured by OCR; inferred from same feature in 1985/1995 directories,sim_editor-publisher_1990-07-28_123_30_0
1990,Copley News Service,Crossword & Games,Various,weekly (7),syndicate code not captured by OCR; inferred from same feature in 1985/1995 directories,sim_editor-publisher_1990-07-28_123_30_0
1990,Davy Associates Media Features,The Washington Post Magazine Puzzle,William Lutwiniak,weekly,"8x10""",sim_editor-publisher_1990-07-28_123_30_0
1990,Editor's Copy Syndicate,Crossword,Staff,weekly,"20x9""; syndicate code not captured by OCR; inferred from same feature in 1985/1995 directories",sim_editor-publisher_1990-07-28_123_30_0
1990,King Features Syndicate,Crossword Puzzle with Cryptoquips,Eugene Sheffer,six a week,"KFS ad: ""Sheffer Crossword with Cryptoquip. 6TW""",sim_editor-publisher_1990-07-28_123_30_0
1990,King Features Syndicate,Crossword Puzzle With Cryptoquotes,Thomas Joseph,six a week,,sim_editor-publisher_1990-07-28_123_30_0
1990,King Features Syndicate,Maritza Sunday Crossword Puzzle (Spanish Only),Various,weekly,"code OCR ""WES""/""Ps""",sim_editor-publisher_1990-07-28_123_30_0
1990,King Features Syndicate,Premier Crossword Puzzle,Jo Paquin,Sunday,"title index; KFS ad ""Premier Sunday Crossword with Cryptoquip. Weekly""",sim_editor-publisher_1990-07-28_123_30_0
1990,King Features Syndicate,Spanish Crossword Puzzle,Alfaro,six a week,,sim_editor-publisher_1990-07-28_123_30_0
1990,King Features Syndicate,Spanish Crossword Puzzle,Ramos,six a week,,sim_editor-publisher_1990-07-28_123_30_0
1990,King Features Syndicate,The Observer Crossword Puzzle,Charles Preston,weekly,"KFS ad: ""Observer Crossword Puzzle by Charles Preston. Weekly""",sim_editor-publisher_1990-07-28_123_30_0
1990,Los Angeles Times Syndicate,Los Angeles Times Daily Crossword Puzzle,Staff,six a week,"LAT ad: ""Los Angeles Times Crossword Puzzle Daily & Sunday""",sim_editor-publisher_1990-07-28_123_30_0
1990,Los Angeles Times Syndicate,Los Angeles Times Sunday Crossword Puzzle,Staff,weekly (Sunday),,sim_editor-publisher_1990-07-28_123_30_0
1990,Los Angeles Times Syndicate,Quote-Acrostic,Charles Preston,weekly,acrostic; LAT ad,sim_editor-publisher_1990-07-28_123_30_0
1990,Mark-Morgan Inc,Crossword,Agnes DeSatta,weekly,syndicate code not captured by OCR; inferred from same feature in 1985/1995 directories,sim_editor-publisher_1990-07-28_123_30_0
1990,McNaught Syndicate?,Crossword Puzzle,Jesse Jacobs,,title index only; McNaught in 1985,sim_editor-publisher_1990-07-28_123_30_0
1990,Megalo Media,Crossword Puzzle,J. Baxter Newgate,seven a week,syndicate code not captured by OCR; inferred from same feature in 1985/1995 directories,sim_editor-publisher_1990-07-28_123_30_0
1990,NEA (United Media),The World Almanac Crossword Puzzle,Staff,six a week,"12x7""",sim_editor-publisher_1990-07-28_123_30_0
1990,New York Times News Service,Daily & Sunday Crossword Puzzles,Eugene T. Maleska,six a week and Sunday,,sim_editor-publisher_1990-07-28_123_30_0
1990,Oceanic Press Service,Daily & Weekly Crosswords,Gordon,weekly and seven a week,,sim_editor-publisher_1990-07-28_123_30_0
1990,Puzzle Features Syndicate,Crossword Puzzles,Calvin R. Mathews & Jackie Mathews,seven a week,,sim_editor-publisher_1990-07-28_123_30_0
1990,Scrambl-Gram Inc?,Giant Crossword,Chick Elum,weekly,syndicate code not captured by OCR; inferred from same feature in 1985/1995 directories,sim_editor-publisher_1990-07-28_123_30_0
1990,Scrambl-Gram Inc?,Kwik-Kross,Chick Elum,seven a week,syndicate code not captured by OCR; inferred from same feature in 1985/1995 directories,sim_editor-publisher_1990-07-28_123_30_0
1990,Singer Communications,Crosswords,A. Foley,weekly,quarter page; syndicate code not captured by OCR; inferred from same feature in 1985/1995 directories,sim_editor-publisher_1990-07-28_123_30_0
1990,Singer Communications,Juvenile Picture Crosswords,Trag & Engleman,weekly,,sim_editor-publisher_1990-07-28_123_30_0
1990,Sportsbuff Features,Sports Buff Crossword,Steve Ollove,weekly,,sim_editor-publisher_1990-07-28_123_30_0
1990,Tribune Media Services,Daily Commuter Crossword,Herb Ettenson,six a week,TMS display ad only,sim_editor-publisher_1990-07-28_123_30_0
1990,Tribune Media Services,The Daily Crossword,Herb Ettenson (Editor),six a week,"TMS ad: ""THE CROSSWORDS by Herb Ettenson ... (7tw)""",sim_editor-publisher_1990-07-28_123_30_0
1990,Tribune Media Services,The Sunday Crossword,Herb Ettenson (Editor),Sunday,,sim_editor-publisher_1990-07-28_123_30_0
1990,Tribune Media Services,TV X-Words,Herb Ettenson,weekly / Sunday,,sim_editor-publisher_1990-07-28_123_30_0
1990,TVL,TVL Feature Package Crossword Puzzle,Staff,,title index,sim_editor-publisher_1990-07-28_123_30_0
1990,TVL,TVL Outlook Crossword Puzzle,Staff,weekly,,sim_editor-publisher_1990-07-28_123_30_0
1990,unidentified,"B... Crossword (title OCR ""Ste. Crossword"")",Staff,weekly,3 col.,sim_editor-publisher_1990-07-28_123_30_0
1990,unidentified,Cross Canada Crossword,Robert Gregory,weekly,Canadian-themed,sim_editor-publisher_1990-07-28_123_30_0
1990,unidentified,Crossword Puzzle,Games Magazine,weekly?,title index only,sim_editor-publisher_1990-07-28_123_30_0
1990,unidentified,Giant Crossword,Staff,weekly,5 col.,sim_editor-publisher_1990-07-28_123_30_0
1990,United Feature Syndicate,Crossword Puzzler,Staff,six a week and Sunday,"United Media ad ""CROSSWORD PUZZLER (6tw)""",sim_editor-publisher_1990-07-28_123_30_0
1990,United Feature Syndicate,Crucigrama de Hoy,Luis Campos,six a week,Spanish; syndicate code not captured by OCR; inferred from same feature in 1985/1995 directories,sim_editor-publisher_1990-07-28_123_30_0
1990,United Feature Syndicate,Prizeweek Puzzle,Staff,weekly,United Media ad,sim_editor-publisher_1990-07-28_123_30_0
1990,United Feature Syndicate,Spanish Crossword,Luis Campos,weekly,Spanish,sim_editor-publisher_1990-07-28_123_30_0
1990,United Feature Syndicate,Sunday Crossword Puzzler,Staff,weekly / Sunday,,sim_editor-publisher_1990-07-28_123_30_0
1990,United Feature Syndicate,Theme Crossword,William Lutwiniak,weekly,United Media ad,sim_editor-publisher_1990-07-28_123_30_0
1990,United Feature Syndicate,Today's Crossword,Staff,six a week,,sim_editor-publisher_1990-07-28_123_30_0
1990,United Feature Syndicate,Today's Sunday,Staff,Sunday,,sim_editor-publisher_1990-07-28_123_30_0
1990,United Feature Syndicate,TV Crosswords,Staff,weekly,United Media ad,sim_editor-publisher_1990-07-28_123_30_0
1991,Al Smith Feature Service,Crossword,Staff,weekly,size OCR garbled,sim_editor-publisher_1991-07-27_124_30
1991,American Crossword Federation,The Newsday Crossword,Stanley Newman,Sunday,60 picas,sim_editor-publisher_1991-07-27_124_30
1991,American International Syndicate,Giant Crossword Puzzles,N. Dickson,weekly,,sim_editor-publisher_1991-07-27_124_30
1991,AP Newsfeatures,Crossword Puzzle,Nina Cooper,six a week,"22x8 1/8"" (OCR garbled)",sim_editor-publisher_1991-07-27_124_30
1991,AP Newsfeatures,Sunday Crossword,Chet Currier,Sunday,45x5.5 (OCR garbled),sim_editor-publisher_1991-07-27_124_30
1991,Associated Features Inc,Associated's Political Crossword,"Bill Garner? (OCR ""BiH Gamer"")",weekly,"2 col.; code OCR ""ASO""",sim_editor-publisher_1991-07-27_124_30
1991,Associated Features Inc,Crossword of Current Events,Various,weekly,"2 col.; code OCR ""ASO""",sim_editor-publisher_1991-07-27_124_30
1991,Associated Features Inc,Kentucky Crossword,Various,weekly,2 col.; regional,sim_editor-publisher_1991-07-27_124_30
1991,Associated Features Inc,Maryland Crossword,Various,weekly,2 col.; regional,sim_editor-publisher_1991-07-27_124_30
1991,Associated Features Inc,Virginia Crossword,Various,weekly,2 col.; regional,sim_editor-publisher_1991-07-27_124_30
1991,BONAT's Diversified,Crossword Puzzles,Staff,weekly,"page; listing name OCR ""Bonant's""",sim_editor-publisher_1991-07-27_124_30
1991,Copley News Service,Crossword & Games,Various,weekly (7),,sim_editor-publisher_1991-07-27_124_30
1991,Copley News Service,Crossword Puzzle,,weekly,25.6/12 picas; no author given,sim_editor-publisher_1991-07-27_124_30
1991,Creators Syndicate,Newsday Crossword Puzzle,Stanley Newman,Sunday,,sim_editor-publisher_1991-07-27_124_30
1991,Creators Syndicate,Sportsbuff,Steve Ollove,weekly,probably a crossword (same author),sim_editor-publisher_1991-07-27_124_30
1991,Davy Associates Media Features,Best Weekly Crossword,T. H. Fallon,weekly,"8x10""",sim_editor-publisher_1991-07-27_124_30
1991,Dickson Feature Service (code DFS),Big Crossword,Staff,weekly,3 col. SAU,sim_editor-publisher_1991-07-27_124_30
1991,Dickson Feature Service (code DFS),Daily Dick Crossword,Staff,seven a week,"4x9.5""/2 col. SAU (OCR garbled); title as OCR'd",sim_editor-publisher_1991-07-27_124_30
1991,Dickson Feature Service (code DFS),Giant Crossword,Staff,weekly,5 col. SAU,sim_editor-publisher_1991-07-27_124_30
1991,Dickson Feature Service (code DFS),Kids' Crossword,Staff,weekly,"3 1/8x9 (OCR ""3Lbx9"")",sim_editor-publisher_1991-07-27_124_30
1991,Dickson Feature Service (code DFS),Zany Crossword,Staff,weekly,5x5.5 2 col. SAU/var (OCR garbled),sim_editor-publisher_1991-07-27_124_30
1991,Editor's Copy Syndicate,Crossword,Staff,weekly,"20x9""",sim_editor-publisher_1991-07-27_124_30
1991,King Features Syndicate,Crossword Puzzle with Cryptoquip,Eugene Sheffer,six a week,19.5 pi x 7.5,sim_editor-publisher_1991-07-27_124_30
1991,King Features Syndicate,Crossword Puzzle with Cryptoquote,Thomas Joseph,six a week,19.5 pi x 5.5,sim_editor-publisher_1991-07-27_124_30
1991,King Features Syndicate,Maritza Sunday Crossword Puzzle (Spanish Only),"Alfaro? (OCR ""Wlaro"")",Sunday,Spanish,sim_editor-publisher_1991-07-27_124_30
1991,King Features Syndicate,Premier Crossword Puzzle Cryptoquip,Jo Paquin,Sunday,"37.5x12; KFS ad ""Premier Sunday Crossword with Cryptoquip""",sim_editor-publisher_1991-07-27_124_30
1991,King Features Syndicate,Spanish Crossword Puzzle,Alfaro,six a week,Spanish; 3 5/32,sim_editor-publisher_1991-07-27_124_30
1991,King Features Syndicate,Spanish Crossword Puzzle,Ramos,six a week,Spanish; 3 5/32,sim_editor-publisher_1991-07-27_124_30
1991,King Features Syndicate,The Observer Crossword Puzzle,Charles Preston,weekly,,sim_editor-publisher_1991-07-27_124_30
1991,Liberty Features Syndicate?,Cryptic Challenge,Lee Teperman,weekly,"quarter page; cryptic (out of scope, recorded only); code OCR ""UB"" (U-Bild) but probably LB = Liberty Features",sim_editor-publisher_1991-07-27_124_30
1991,Liberty Features Syndicate?,Two Across,Lee Teperman,weekly,"quarter page; crossword by title only, uncertain; code OCR ""L6"" (LB = Liberty Features), title index ""UB""",sim_editor-publisher_1991-07-27_124_30
1991,Los Angeles Times Syndicate,Los Angeles Times Daily Crossword Puzzle,Staff,six a week,"code OCR ""LAIS""",sim_editor-publisher_1991-07-27_124_30
1991,Los Angeles Times Syndicate,Los Angeles Times Sunday Crossword Puzzle,Staff,weekly (Sunday),"code OCR ""LAIS""",sim_editor-publisher_1991-07-27_124_30
1991,Los Angeles Times Syndicate,Quote-Acrostic,Charles Preston,weekly,acrostic,sim_editor-publisher_1991-07-27_124_30
1991,Mark-Morgan Inc,Crossword,Agnes DeSatta,weekly,"21x6.5"" (OCR ""2Ix6V)"")",sim_editor-publisher_1991-07-27_124_30
1991,Megalo Media,Crossword Puzzle,J. Baxter Newgate,seven a week,72x6,sim_editor-publisher_1991-07-27_124_30
1991,Miller Features Syndicate,Canadian Crossword,Marian Morrison,weekly,"Canadian; classified code OCR ""MR"", title index MIL",sim_editor-publisher_1991-07-27_124_30
1991,NEA (United Media),The World Almanac Crossword Puzzle,Staff,six a week,12x7,sim_editor-publisher_1991-07-27_124_30
1991,New York Times Syndication,Daily & Sunday Crossword Puzzles (From The New York Times),Eugene T. Maleska,six a week and Sunday,,sim_editor-publisher_1991-07-27_124_30
1991,Oceanic Press Service,Daily & Weekly Crosswords,Gordon,weekly and seven a week,quarter page,sim_editor-publisher_1991-07-27_124_30
1991,Puzzle Features Syndicate,Crossword Puzzles,Calvin R. Mathews & Jackie Mathews,seven a week,"also PFS classified ad ""Daily and Sunday Crossword Puzzles""",sim_editor-publisher_1991-07-27_124_30
1991,Scrambl-Gram Inc,ColorCross,Chick Elum,weekly,crossword variant?,sim_editor-publisher_1991-07-27_124_30
1991,Scrambl-Gram Inc,Giant Crossword,Chick Elum,weekly,,sim_editor-publisher_1991-07-27_124_30
1991,Scrambl-Gram Inc,Kwik-Kross,Chick Elum,seven a week,,sim_editor-publisher_1991-07-27_124_30
1991,Singer Communications (code SCI),Acrostic Wit,Hart,weekly,"page; listed under Word Games; acrostic, grid type uncertain",sim_editor-publisher_1991-07-27_124_30
1991,Singer Communications (code SCI),Acrostics,Hart,weekly,"quarter page; listed under Word Games; acrostic, grid type uncertain",sim_editor-publisher_1991-07-27_124_30
1991,Singer Communications (code SCI),Crosswords,A. Foley,weekly,quarter page,sim_editor-publisher_1991-07-27_124_30
1991,Singer Communications (code SCI),Crosswordwise,Various,six a week,quarter page; listed under Word Games; type uncertain,sim_editor-publisher_1991-07-27_124_30
1991,Singer Communications (code SCI),Juvenile Picture Crosswords,Trag & Engleman,weekly,,sim_editor-publisher_1991-07-27_124_30
1991,Southam Syndicate (Canada),Cross Canada Crossword,Robert Gregory,weekly,25x7; Canadian,sim_editor-publisher_1991-07-27_124_30
1991,Sportsbuff Features,Sports Buff Crossword,Steve Ollove,weekly,37.5x4.5,sim_editor-publisher_1991-07-27_124_30
1991,Tribune Media Services,Daily Commuter Crossword,Herb Ettenson,six a week,TMS display ad only,sim_editor-publisher_1991-07-27_124_30
1991,Tribune Media Services,The Daily Crossword,Herb Ettenson (Editor),six a week,"21x9; TMS ad ""The Crosswords by Herb Ettenson (7tw)""",sim_editor-publisher_1991-07-27_124_30
1991,Tribune Media Services,The Sunday Crossword,Herb Ettenson (Editor),Sunday,,sim_editor-publisher_1991-07-27_124_30
1991,Tribune Media Services,TV X-Words,Herb Ettenson,weekly / Sunday,"21x9; TMS ad ""TV Crossword (1tw)""",sim_editor-publisher_1991-07-27_124_30
1991,TV Listing Inc (TVL),TVL Outlook Crossword Puzzle,Staff,weekly,,sim_editor-publisher_1991-07-27_124_30
1991,United Feature Syndicate,Crossword Puzzler,Staff,six a week,12x7,sim_editor-publisher_1991-07-27_124_30
1991,United Feature Syndicate,Crucigrama de Hoy,Luis Campos,six a week,Spanish,sim_editor-publisher_1991-07-27_124_30
1991,United Feature Syndicate,In Their Own Words,Paul Hovde,Sunday,"United Media ad: ""Crossword-style puzzle""",sim_editor-publisher_1991-07-27_124_30
1991,United Feature Syndicate,Prizeweek Puzzle,Staff,weekly,12x3.5,sim_editor-publisher_1991-07-27_124_30
1991,United Feature Syndicate,Spanish Crossword,Luis Campos,weekly,Spanish; 4.25x10.5,sim_editor-publisher_1991-07-27_124_30
1991,United Feature Syndicate,Sunday Crossword Puzzler,Staff,weekly / Sunday,,sim_editor-publisher_1991-07-27_124_30
1991,United Feature Syndicate,Theme Crossword,William Lutwiniak,weekly,,sim_editor-publisher_1991-07-27_124_30
1991,United Feature Syndicate,Today's Crossword,Staff,six a week,,sim_editor-publisher_1991-07-27_124_30
1991,United Feature Syndicate,Today's Sunday,Staff,Sunday,,sim_editor-publisher_1991-07-27_124_30
1991,United Feature Syndicate,TV Crosswords,Staff,weekly,18x7,sim_editor-publisher_1991-07-27_124_30
1991,Washington Post Writers Group,Crossword Puzzle,Washington Post Magazine,weekly,"WPW ad: ""Washington Post Magazine Sunday Crossword Puzzle""",sim_editor-publisher_1991-07-27_124_30
1992,Al Smith Feature Service,Crossword,Staff,weekly,"3.25x4.75""",sim_editor-publisher_1992-07-25_125_30
1992,American Crossword Federation,The Newsday Crossword,Stanley Newman,Sunday,60 picas x 6.5,sim_editor-publisher_1992-07-25_125_30
1992,American International Syndicate,Giant Crossword Puzzles,N. Dickson,weekly,,sim_editor-publisher_1992-07-25_125_30
1992,AP Newsfeatures,Crossword Puzzle,Doug Cooper,six a week,"22x8 1/8""",sim_editor-publisher_1992-07-25_125_30
1992,AP Newsfeatures,Sunday Crossword,Chet Currier,Sunday,45x5 5/8,sim_editor-publisher_1992-07-25_125_30
1992,Associated Features Inc,Crossword of Current Events,Various,weekly,"2 col.; code OCR ""ASO""",sim_editor-publisher_1992-07-25_125_30
1992,Associated Features Inc,Maryland Crossword,Various,weekly,"2 col.; regional; code OCR ""ASO""",sim_editor-publisher_1992-07-25_125_30
1992,Associated Features Inc,Virginia Crossword,Various,weekly,"2 col.; regional; classified entry OCR garbled, title from title index",sim_editor-publisher_1992-07-25_125_30
1992,BONAT's Diversified,Crossword Puzzles,Staff,weekly,page,sim_editor-publisher_1992-07-25_125_30
1992,Copley News Service,Crossword & Games,Various,weekly (7),,sim_editor-publisher_1992-07-25_125_30
1992,Copley News Service,Crossword Puzzle,Games Magazine?,weekly,"25.6/12 picas; no author in classified; title index has ""Crossword Puzzle — Game Magazine"" (code lost)",sim_editor-publisher_1992-07-25_125_30
1992,Creators Syndicate,Newsday Crossword Puzzle,Stanley Newman,six a week and weekly,two classified entries (6tw and 1tw),sim_editor-publisher_1992-07-25_125_30
1992,Creators Syndicate,Sportsbuff,Steve Ollove,weekly,probably a crossword (same author),sim_editor-publisher_1992-07-25_125_30
1992,Davy Associates Media Features,Best Weekly Crossword,T. H. Fallon,weekly,"8x10""",sim_editor-publisher_1992-07-25_125_30
1992,Dickson Feature Service (code DFS),Big Crossword,Staff,weekly,3 col. SAU,sim_editor-publisher_1992-07-25_125_30
1992,Dickson Feature Service (code DFS),Daily Dick Crossword,Staff,seven a week,"4x9.25""/2 col. SAU; title as OCR'd",sim_editor-publisher_1992-07-25_125_30
1992,Dickson Feature Service (code DFS),Giant Crossword,Staff,weekly,5 col. SAU,sim_editor-publisher_1992-07-25_125_30
1992,Dickson Feature Service (code DFS),Kids' Crossword,Staff,weekly,3 1/8x9,sim_editor-publisher_1992-07-25_125_30
1992,Dickson Feature Service (code DFS),Zany Crossword,Staff,weekly,2 col. SAU/var; classified entry OCR garbled,sim_editor-publisher_1992-07-25_125_30
1992,Editor's Copy Syndicate,Crossword,Staff,weekly,"20x9""",sim_editor-publisher_1992-07-25_125_30
1992,King Features Syndicate,Crossword Puzzle with Cryptoquip,Eugene Sheffer,six a week,19.25 pi x 7.5,sim_editor-publisher_1992-07-25_125_30
1992,King Features Syndicate,Crossword Puzzle with Cryptoquote,Thomas Joseph,six a week,19.25 pi x 5.5,sim_editor-publisher_1992-07-25_125_30
1992,King Features Syndicate,Maritza Sunday Crossword Puzzle (Spanish Only),Alfaro,Sunday,Spanish,sim_editor-publisher_1992-07-25_125_30
1992,King Features Syndicate,Premier Crossword Puzzle Cryptoquip,Jo Paquin,Sunday,"KFS ad ""Premier Sunday Crossword with Cryptoquip. Weekly""",sim_editor-publisher_1992-07-25_125_30
1992,King Features Syndicate,Spanish Crossword Puzzle,Alfaro,six a week,Spanish; 3 5/32,sim_editor-publisher_1992-07-25_125_30
1992,King Features Syndicate,Spanish Crossword Puzzle,Ramos,six a week,Spanish; 3 5/32,sim_editor-publisher_1992-07-25_125_30
1992,King Features Syndicate,The Observer Crossword Puzzle,Charles Preston,weekly,,sim_editor-publisher_1992-07-25_125_30
1992,Liberty Features Syndicate,Canadian Criss Cross,Walter Feener,weekly,"quarter page; Canadian; classified code OCR ""UB"", title index LB (Liberty Features)",sim_editor-publisher_1992-07-25_125_30
1992,Los Angeles Times Syndicate,Los Angeles Times Daily Crossword Puzzle,Staff,six a week,"19.5x3.75; code OCR ""LAIS""",sim_editor-publisher_1992-07-25_125_30
1992,Los Angeles Times Syndicate,Los Angeles Times Sunday Crossword Puzzle,Staff,weekly (Sunday),"32x5 3/8; code OCR ""LAIS""",sim_editor-publisher_1992-07-25_125_30
1992,Los Angeles Times Syndicate,Quote-Acrostic,Charles Preston,weekly,acrostic,sim_editor-publisher_1992-07-25_125_30
1992,Mark-Morgan Inc,Crossword,Agnes DeSatta,weekly,"21x6.5""",sim_editor-publisher_1992-07-25_125_30
1992,Megalo Media,Crossword Puzzle,J. Baxter Newgate,seven a week,72x6,sim_editor-publisher_1992-07-25_125_30
1992,Miller Features Syndicate,Canadian Quiz Cross,Maureen Azimov,weekly,"quarter page; Canadian; crossword variant? (title only); classified code OCR ""MH.""",sim_editor-publisher_1992-07-25_125_30
1992,NEA (United Media),The World Almanac Crossword Puzzle,Staff,six a week,12x7; classified entry OCR garbled,sim_editor-publisher_1992-07-25_125_30
1992,New York Times Syndication,Crossword Puzzles From The New York Times (Daily & Sunday),Eugene T. Maleska,six a week and Sunday,,sim_editor-publisher_1992-07-25_125_30
1992,Oceanic Press Service,Daily & Weekly Crosswords,Gordon,weekly and seven a week,quarter page,sim_editor-publisher_1992-07-25_125_30
1992,Puzzle Features Syndicate,Crossword Puzzles,Calvin R. Mathews & Jackie Mathews,seven a week,,sim_editor-publisher_1992-07-25_125_30
1992,Scrambl-Gram Inc,ColorCross,Chick Elum,weekly,crossword variant?,sim_editor-publisher_1992-07-25_125_30
1992,Scrambl-Gram Inc,Giant Crossword,Chick Elum,weekly,,sim_editor-publisher_1992-07-25_125_30
1992,Scrambl-Gram Inc,Kwik-Kross,Chick Elum,seven a week,,sim_editor-publisher_1992-07-25_125_30
1992,Singer Communications (code SCI),Acrostic Wit,Hart,weekly,"page; listed under Word Games; acrostic, grid type uncertain",sim_editor-publisher_1992-07-25_125_30
1992,Singer Communications (code SCI),Acrostics,Hart,weekly,"quarter page; listed under Word Games; acrostic, grid type uncertain",sim_editor-publisher_1992-07-25_125_30
1992,Singer Communications (code SCI),Crosswords,A. Foley,weekly,quarter page,sim_editor-publisher_1992-07-25_125_30
1992,Singer Communications (code SCI),Crosswordwise,Various,six a week,quarter page; listed under Word Games; type uncertain,sim_editor-publisher_1992-07-25_125_30
1992,Singer Communications (code SCI),Juvenile Picture Crosswords,Trag & Engleman,weekly,,sim_editor-publisher_1992-07-25_125_30
1992,Southam Syndicate (Canada),Cross Canada Crossword,Robert Gregory,weekly,25x7; Canadian,sim_editor-publisher_1992-07-25_125_30
1992,Sportsbuff Features,Sports Buff Crossword,Steve Ollove,weekly,37.5x4.5,sim_editor-publisher_1992-07-25_125_30
1992,Tribune Media Services,Daily Commuter Crossword,Herb Ettenson,six a week,TMS display ad only,sim_editor-publisher_1992-07-25_125_30
1992,Tribune Media Services,The Daily Crossword,Herb Ettenson (Editor),six a week,"21x9; TMS ad ""The Crossword 6/wk""",sim_editor-publisher_1992-07-25_125_30
1992,Tribune Media Services,The Sunday Crossword,Herb Ettenson (Editor),Sunday,,sim_editor-publisher_1992-07-25_125_30
1992,Tribune Media Services,TV X-Words,Herb Ettenson,weekly / Sunday,"21x9; classified entry OCR garbled; TMS ad ""TV Crossword 1/wk""",sim_editor-publisher_1992-07-25_125_30
1992,TV Listing Inc (TVL),TVL Outlook Crossword Puzzle,Staff,weekly,classified entry OCR garbled; title index confirms,sim_editor-publisher_1992-07-25_125_30
1992,United Feature Syndicate,Crossword Puzzler,Staff,six a week,12x7,sim_editor-publisher_1992-07-25_125_30
1992,United Feature Syndicate,Crucigrama de Hoy,Luis Campos,six a week,"Spanish; 4.25x10.5; code OCR ""ITS""",sim_editor-publisher_1992-07-25_125_30
1992,United Feature Syndicate,In Their Own Words,"Paul Hovde (OCR ""Howie"")",Sunday,crossword-style puzzle per 1991 ad,sim_editor-publisher_1992-07-25_125_30
1992,United Feature Syndicate,Prizeweek Puzzle,Staff,weekly,12x3.5,sim_editor-publisher_1992-07-25_125_30
1992,United Feature Syndicate,Spanish Crossword,Luis Campos,weekly,Spanish; 4.25x10.5,sim_editor-publisher_1992-07-25_125_30
1992,United Feature Syndicate,Sunday Crossword Puzzler,Staff,weekly / Sunday,,sim_editor-publisher_1992-07-25_125_30
1992,United Feature Syndicate,Theme Crossword,Staff,weekly,,sim_editor-publisher_1992-07-25_125_30
1992,United Feature Syndicate,Today's Crossword,Staff,six a week,title index and United Media ad; classified entry missing from OCR,sim_editor-publisher_1992-07-25_125_30
1992,United Feature Syndicate,Today's Sunday,Staff,Sunday,"United Media ad ""TODAY'S SUNDAY (1tw)""; classified entry OCR garbled",sim_editor-publisher_1992-07-25_125_30
1992,United Feature Syndicate,TV Crosswords,Staff,weekly,classified entry OCR garbled,sim_editor-publisher_1992-07-25_125_30
1992,Washington Post Writers Group,Crossword Puzzle,Washington Post Magazine,weekly,"WPW ad: ""Washington Post Magazine Sunday Crossword Puzzle ... One puzzle a week""",sim_editor-publisher_1992-07-25_125_30
1993,Al Smith Feature Service,Crossword,Staff,weekly,"3.25x4.75""",sim_editor-publisher_1993-07-31_126_31
1993,American Crossword Federation,The Newsday Crossword,Stanley Newman,seven a week,,sim_editor-publisher_1993-07-31_126_31
1993,American International Syndicate,Crypic-Quick,P.S. Gupis,six a week,"4x4; title as printed (probably ""Cryptic-Quick""); cryptic (out of scope, recorded only); type uncertain",sim_editor-publisher_1993-07-31_126_31
1993,American International Syndicate,Giant Crossword Puzzles,N. Dickson,weekly,,sim_editor-publisher_1993-07-31_126_31
1993,AP Newsfeatures,Crossword Puzzle,Doug Cooper,six a week,"22x8 1/8""",sim_editor-publisher_1993-07-31_126_31
1993,AP Newsfeatures,Sunday Crossword,Chet Currier,Sunday,45x5 5/8,sim_editor-publisher_1993-07-31_126_31
1993,Associated Features Inc,Crossword of Current Events,Various,weekly,2 col.,sim_editor-publisher_1993-07-31_126_31
1993,Associated Features Inc,Maryland Crossword,Various,weekly,2 col.; regional,sim_editor-publisher_1993-07-31_126_31
1993,Associated Features Inc,Virginia Crossword,Various,weekly,2 col.; regional,sim_editor-publisher_1993-07-31_126_31
1993,BONAT's Diversified,Crossword Puzzles,Staff,weekly,page,sim_editor-publisher_1993-07-31_126_31
1993,Community and Suburban Press Service (code CSPS),Weekend Crossword,Staff,weekly,"9.5x11 / 12.3 picas; code OCR ""eSPS""",sim_editor-publisher_1993-07-31_126_31
1993,Copley News Service,Crossword & Games,Various,weekly (7),,sim_editor-publisher_1993-07-31_126_31
1993,Copley News Service,Crossword Puzzle,,weekly,25.6/12 picas; no author given,sim_editor-publisher_1993-07-31_126_31
1993,Creators Syndicate,Newsday Crossword Puzzle,Stanley Newman,six a week and weekly,two classified entries (6tw and 1tw),sim_editor-publisher_1993-07-31_126_31
1993,Creators Syndicate,Sportsbuff,Steve Ollove,weekly,probably a crossword (same author),sim_editor-publisher_1993-07-31_126_31
1993,Davy Associates Media Features,Best Weekly Crossword,T. H. Fallon,weekly,"8x10""",sim_editor-publisher_1993-07-31_126_31
1993,Dickson Feature Service (code DFS),Big Crossword,Staff,weekly,3 col. SAU,sim_editor-publisher_1993-07-31_126_31
1993,Dickson Feature Service (code DFS),Daily Dick Crossword,Staff,seven a week,"4x9.25""/2 col. SAU; title as OCR'd",sim_editor-publisher_1993-07-31_126_31
1993,Dickson Feature Service (code DFS),Giant Crossword,Staff,weekly,5 col. SAU,sim_editor-publisher_1993-07-31_126_31
1993,Dickson Feature Service (code DFS),Kids' Crossword,Staff,weekly,3 1/8x9,sim_editor-publisher_1993-07-31_126_31
1993,Dickson Feature Service (code DFS),Zany Crossword,Staff,weekly,5x9.25 2 col. SAU/var,sim_editor-publisher_1993-07-31_126_31
1993,Editor's Copy Syndicate,Crossword,Staff,weekly,"20x9""",sim_editor-publisher_1993-07-31_126_31
1993,King Features Syndicate,Crossword Puzzle with Cryptoquip,Eugene Sheffer,six a week,19.25 pi x 7.5,sim_editor-publisher_1993-07-31_126_31
1993,King Features Syndicate,Crossword Puzzle with Cryptoquote,Thomas Joseph,six a week,19.25 pi x 5.5,sim_editor-publisher_1993-07-31_126_31
1993,King Features Syndicate,Maritza Sunday Crossword Puzzle (Spanish Only),Alfaro,Sunday,Spanish,sim_editor-publisher_1993-07-31_126_31
1993,King Features Syndicate,Premier Crossword Puzzle With Cryptoquip,Jo Paquin,Sunday,37.5x12,sim_editor-publisher_1993-07-31_126_31
1993,King Features Syndicate,Spanish Crossword Puzzle,Alfaro,six a week,Spanish; 3 5/32,sim_editor-publisher_1993-07-31_126_31
1993,King Features Syndicate,Spanish Crossword Puzzle,Ramos,six a week,Spanish; 3 5/32,sim_editor-publisher_1993-07-31_126_31
1993,King Features Syndicate,The Observer Crossword Puzzle,Charles Preston,weekly,,sim_editor-publisher_1993-07-31_126_31
1993,Liberty Features Syndicate,Canadian Criss Cross,Walter Feener,weekly,quarter page; Canadian; code LB,sim_editor-publisher_1993-07-31_126_31
1993,Los Angeles Times Syndicate,Los Angeles Times Daily Crossword Puzzle,Staff,six a week,19.5x3.25,sim_editor-publisher_1993-07-31_126_31
1993,Los Angeles Times Syndicate,Los Angeles Times Sunday Crossword Puzzle,Staff,weekly (Sunday),32x5 3/8,sim_editor-publisher_1993-07-31_126_31
1993,Los Angeles Times Syndicate,Quote-Acrostic,Charles Preston,weekly,acrostic,sim_editor-publisher_1993-07-31_126_31
1993,Mark-Morgan Inc,Crossword,Agnes DeSatta,weekly,"21x6.5""",sim_editor-publisher_1993-07-31_126_31
1993,Megalo Media,Crossword Puzzle,J. Baxter Newgate,seven a week,72x6,sim_editor-publisher_1993-07-31_126_31
1993,NEA (United Media),The Crossword Puzzle,Staff,six a week,12x7,sim_editor-publisher_1993-07-31_126_31
1993,New York Times Syndication,Crossword Puzzles From The New York Times (Daily & Sunday),Eugene T. Maleska,six a week and Sunday,,sim_editor-publisher_1993-07-31_126_31
1993,Oceanic Press Service,Daily & Weekly Crosswords,Gordon,weekly and seven a week,quarter page,sim_editor-publisher_1993-07-31_126_31
1993,Puzzle Features Syndicate,Crossword Puzzles,Calvin R. Mathews & Jackie Mathews,seven a week,,sim_editor-publisher_1993-07-31_126_31
1993,Scrambl-Gram Inc,ColorCross,Chick Elum,weekly,"crossword variant?; code OCR ""SLC""",sim_editor-publisher_1993-07-31_126_31
1993,Scrambl-Gram Inc,Giant Crossword,Chick Elum,weekly,,sim_editor-publisher_1993-07-31_126_31
1993,Scrambl-Gram Inc,Kwik-Kross,Chick Elum,seven a week,,sim_editor-publisher_1993-07-31_126_31
1993,Shanta,Word Search & Crossword,,,daily / weekly / monthly; E&P classified ad only,sim_editor-publisher_1993-07-31_126_31
1993,Singer Communications (code SCI),Acrostic Wit,Hart,weekly,"page; listed under Word Games; acrostic, grid type uncertain",sim_editor-publisher_1993-07-31_126_31
1993,Singer Communications (code SCI),Acrostics,Hart,weekly,"quarter page; listed under Word Games; acrostic, grid type uncertain",sim_editor-publisher_1993-07-31_126_31
1993,Singer Communications (code SCI),Crosswords,Various,weekly,quarter page,sim_editor-publisher_1993-07-31_126_31
1993,Singer Communications (code SCI),Crosswordwise,Various,six a week,quarter page; listed under Word Games; type uncertain,sim_editor-publisher_1993-07-31_126_31
1993,Singer Communications (code SCI),Juvenile Picture Crosswords,Trag & Engleman,weekly,,sim_editor-publisher_1993-07-31_126_31
1993,Sportsbuff Features,Sports Buff Crossword,Steve Ollove,weekly,37.5x4.5,sim_editor-publisher_1993-07-31_126_31
1993,Tribune Media Services,Daily Commuter Crossword,Herb Ettenson (Editor),six a week,"21x9; code OCR ""IMS""",sim_editor-publisher_1993-07-31_126_31
1993,Tribune Media Services,The Daily Crossword,Herb Ettenson (Editor),six a week,21x9,sim_editor-publisher_1993-07-31_126_31
1993,Tribune Media Services,The Sunday Crossword,Herb Ettenson (Editor),Sunday,,sim_editor-publisher_1993-07-31_126_31
1993,Tribune Media Services,TV X-Words,Herb Ettenson,weekly / Sunday,"21x9; TMS ad ""TV Crossword 1/wk""",sim_editor-publisher_1993-07-31_126_31
1993,United Feature Syndicate,Crossword Puzzler,Staff,six a week,12x7,sim_editor-publisher_1993-07-31_126_31
1993,United Feature Syndicate,Crucigrama de Hoy,Luis Campos,six a week,Spanish; 4.25x10.5,sim_editor-publisher_1993-07-31_126_31
1993,United Feature Syndicate,In Their Own Words,"Paul Hovde (OCR ""Howie"")",Sunday,crossword-style puzzle per 1991 ad,sim_editor-publisher_1993-07-31_126_31
1993,United Feature Syndicate,Prizeweek Puzzle,Staff,weekly,12x3.5,sim_editor-publisher_1993-07-31_126_31
1993,United Feature Syndicate,Spanish Crossword,Luis Campos,weekly,Spanish; 4.25x10.5,sim_editor-publisher_1993-07-31_126_31
1993,United Feature Syndicate,Sunday Crossword Puzzler,Staff,weekly / Sunday,,sim_editor-publisher_1993-07-31_126_31
1993,United Feature Syndicate,Theme Crossword,Staff,weekly,,sim_editor-publisher_1993-07-31_126_31
1993,United Feature Syndicate,Today's Crossword,Staff,six a week,12x10.5 / 18x5.25,sim_editor-publisher_1993-07-31_126_31
1993,United Feature Syndicate,Today's Sunday,Staff,Sunday,12x10.5 / 18x5.25,sim_editor-publisher_1993-07-31_126_31
1993,United Feature Syndicate,TV Crosswords,Staff,weekly,18x7,sim_editor-publisher_1993-07-31_126_31
1993,Washington Post Writers Group,Crossword Puzzle,Washington Post Magazine,weekly,"WPW ad: ""Washington Post Magazine Crossword Puzzle ... each week""",sim_editor-publisher_1993-07-31_126_31
1994,Al Smith Feature Service,Crossword,Staff,weekly,"3.25x4.75""",sim_editor-publisher_1994-07-30_127
1994,American Crossword Federation,The Newsday Crossword,Stanley Newman,seven a week,,sim_editor-publisher_1994-07-30_127
1994,American International Syndicate,Crypic-Quick,P.S. Gupis,six a week,"4x4""; title as printed (probably ""Cryptic-Quick""); cryptic (out of scope, recorded only); type uncertain",sim_editor-publisher_1994-07-30_127
1994,American International Syndicate,Giant Crossword Puzzles,N. Dickson,weekly,,sim_editor-publisher_1994-07-30_127
1994,AP Newsfeatures,Crossword Puzzle,Doug Cooper,six a week,"22x8 1/8""",sim_editor-publisher_1994-07-30_127
1994,AP Newsfeatures,Sunday Crossword,Chet Currier,Sunday,"45x5 5/8""",sim_editor-publisher_1994-07-30_127
1994,Associated Features Inc,Crossword of Current Events,Various,weekly,2 col.,sim_editor-publisher_1994-07-30_127
1994,Associated Features Inc,Maryland Crossword,Various,weekly,2 col.; regional,sim_editor-publisher_1994-07-30_127
1994,Associated Features Inc,Virginia Crossword,Various,weekly,2 col.; regional,sim_editor-publisher_1994-07-30_127
1994,Avanti NewsFeatures,Auto Crossword,Avanti Staff,weekly,listed under automotive classification,sim_editor-publisher_1994-07-30_127
1994,BONAT's Diversified,Crossword Puzzles,Staff,weekly,page,sim_editor-publisher_1994-07-30_127
1994,Cineman Syndicate,Crossword Puzzles,Dell,variable,,sim_editor-publisher_1994-07-30_127
1994,Community and Suburban Press Service (code CSPS),Weekend Crossword,Staff,weekly,"9.5x11"" / 12.3 picas",sim_editor-publisher_1994-07-30_127
1994,Copley News Service,Crossword & Games,Various,weekly (7),,sim_editor-publisher_1994-07-30_127
1994,Copley News Service,Crossword Puzzle,Kevin Libby,weekly,25.6 picas,sim_editor-publisher_1994-07-30_127
1994,Creators Syndicate,Newsday Crossword Puzzle,Stanley Newman,weekly,,sim_editor-publisher_1994-07-30_127
1994,Creators Syndicate,Sportsbuff,Steve Ollove,weekly,probably a crossword (same author),sim_editor-publisher_1994-07-30_127
1994,Davy Associates Media Features,Best Weekly Crossword,T. H. Fallon,weekly,"8x10""",sim_editor-publisher_1994-07-30_127
1994,Editor's Copy Syndicate,Crossword,Staff,weekly,"20x9""",sim_editor-publisher_1994-07-30_127
1994,King Features Syndicate,Crossword Puzzle with Cryptoquip,Eugene Sheffer,six a week,"19.25x7.5""",sim_editor-publisher_1994-07-30_127
1994,King Features Syndicate,Crossword Puzzle with Cryptoquote,Thomas Joseph,six a week,"19.25x5.5""",sim_editor-publisher_1994-07-30_127
1994,King Features Syndicate,Maritza Sunday Crossword Puzzle (Spanish Only),Alfaro,Sunday,"Spanish; KFS ad says ""by Alfaro and Ramos""",sim_editor-publisher_1994-07-30_127
1994,King Features Syndicate,Premier Crossword Puzzle With Cryptoquip,Donna Stone,Sunday,"37.5x12""",sim_editor-publisher_1994-07-30_127
1994,King Features Syndicate,Spanish Crossword Puzzle,Alfaro,six a week,"Spanish; 3 5/32""",sim_editor-publisher_1994-07-30_127
1994,King Features Syndicate,Spanish Crossword Puzzle,Ramos,six a week,"Spanish; 3 5/32""",sim_editor-publisher_1994-07-30_127
1994,King Features Weekly Service,King Crossword,,,KFWS display ad only,sim_editor-publisher_1994-07-30_127
1994,King Features Weekly Service,Super Crossword,,,KFWS display ad only,sim_editor-publisher_1994-07-30_127
1994,Liberty Features Syndicate,Canadian Criss Cross,Walter Feener,weekly,quarter page; Canadian,sim_editor-publisher_1994-07-30_127
1994,Los Angeles Times Syndicate,Los Angeles Times Daily Crossword Puzzle,Staff,six a week,"19.5x3.25""",sim_editor-publisher_1994-07-30_127
1994,Los Angeles Times Syndicate,Los Angeles Times Sunday Crossword Puzzle,Staff,weekly (Sunday),"32x5 3/8""",sim_editor-publisher_1994-07-30_127
1994,Los Angeles Times Syndicate,Observer Crossword,Charles Preston,weekly,"LATS ad lists it as ""Sunday""; formerly KFS",sim_editor-publisher_1994-07-30_127
1994,Los Angeles Times Syndicate,Quote-Acrostic,Charles Preston,weekly,acrostic,sim_editor-publisher_1994-07-30_127
1994,Mark-Morgan Inc,Crossword,Agnes DeSatta,weekly,"21x6.5""",sim_editor-publisher_1994-07-30_127
1994,Megalo Media,Crossword Puzzle,J. Baxter Newgate,seven a week,"72x6""",sim_editor-publisher_1994-07-30_127
1994,NEA (United Media),The Crossword Puzzle,Staff,six a week,"12x7""",sim_editor-publisher_1994-07-30_127
1994,New York Times Syndication,Crossword Puzzles From The New York Times (Daily & Sunday),Will Shortz,six a week and Sunday,"6x6"" / 9x6.5""",sim_editor-publisher_1994-07-30_127
1994,New York Times Syndication,New York Times Sunday X-Word,,weekly,"9x7.5""",sim_editor-publisher_1994-07-30_127
1994,Oceanic Press Service,Daily & Weekly Crosswords,Gordon,weekly and seven a week,quarter page,sim_editor-publisher_1994-07-30_127
1994,Puzzle Features Syndicate,Crossword Puzzles,Jackie Mathews / Calvin R. Mathews,seven a week,,sim_editor-publisher_1994-07-30_127
1994,Scrambl-Gram Inc,Christian Crosswords,Chic Elum,weekly,,sim_editor-publisher_1994-07-30_127
1994,Scrambl-Gram Inc,ColorCross,Chic Elum,weekly,crossword variant?,sim_editor-publisher_1994-07-30_127
1994,Scrambl-Gram Inc,Giant Crossword,Chic Elum,weekly,,sim_editor-publisher_1994-07-30_127
1994,Scrambl-Gram Inc,Kwik-Kross,Chic Elum,seven a week,,sim_editor-publisher_1994-07-30_127
1994,Scrambl-Gram Inc,Soap Opera Crosswords,Chic Elum,weekly,listed under Word Games,sim_editor-publisher_1994-07-30_127
1994,Shanta Publishing Corporation (code SHPC),The Crossword,,,variable,sim_editor-publisher_1994-07-30_127
1994,Singer Communications (code SCI),Acrostic Wit,Hart,weekly,"page; listed under Word Games; acrostic, grid type uncertain",sim_editor-publisher_1994-07-30_127
1994,Singer Communications (code SCI),Acrostics,Hart,weekly,"quarter page; listed under Word Games; acrostic, grid type uncertain",sim_editor-publisher_1994-07-30_127
1994,Singer Communications (code SCI),Crosswords,Various,weekly,quarter page,sim_editor-publisher_1994-07-30_127
1994,Singer Communications (code SCI),Crosswordwise,Various,six a week,quarter page; listed under Word Games; type uncertain,sim_editor-publisher_1994-07-30_127
1994,Singer Communications (code SCI),Juvenile Picture Crosswords,Engleman/Trag,weekly,,sim_editor-publisher_1994-07-30_127
1994,Sportsbuff Features,Sports Buff Crossword,Steve Ollove,weekly,"37.5x4.5""",sim_editor-publisher_1994-07-30_127
1994,Tribune Media Services,Daily Commuter Crossword,Herb Ettenson (Editor),six a week,"21x9""",sim_editor-publisher_1994-07-30_127
1994,Tribune Media Services,The Daily Crossword,Herb Ettenson (Editor),six a week,"21x9""",sim_editor-publisher_1994-07-30_127
1994,Tribune Media Services,The Sunday Crossword,Herb Ettenson (Editor),Sunday,,sim_editor-publisher_1994-07-30_127
1994,Tribune Media Services,TV Crossword,Herb Ettenson,weekly / Sunday,"21x9""",sim_editor-publisher_1994-07-30_127
1994,United Feature Syndicate,Crossword Puzzler,Staff,six a week,"12x7""",sim_editor-publisher_1994-07-30_127
1994,United Feature Syndicate,Crucigrama de Hoy,Luis Campos,six a week,"Spanish; 4.25x10.5""",sim_editor-publisher_1994-07-30_127
1994,United Feature Syndicate,In Their Own Words,"Paul Hovde (OCR ""Howie"")",Sunday,crossword-style puzzle per 1991 ad,sim_editor-publisher_1994-07-30_127
1994,United Feature Syndicate,Prizeweek Puzzle,Staff,weekly,"12x3.5""",sim_editor-publisher_1994-07-30_127
1994,United Feature Syndicate,Spanish Crossword,Luis Campos,weekly,"Spanish; 4.25x10.5""",sim_editor-publisher_1994-07-30_127
1994,United Feature Syndicate,Sunday Crossword Puzzler,Staff,weekly / Sunday,,sim_editor-publisher_1994-07-30_127
1994,United Feature Syndicate,Theme Crossword,Staff,weekly,,sim_editor-publisher_1994-07-30_127
1994,United Feature Syndicate,Today's Crossword,Staff,six a week,"12x10.5"" / 18x5.25""",sim_editor-publisher_1994-07-30_127
1994,United Feature Syndicate,Today's Sunday,Staff,Sunday,"12x10.5"" / 18x5.25""",sim_editor-publisher_1994-07-30_127
1994,United Feature Syndicate,TV Crosswords,Staff,weekly,"18x7""",sim_editor-publisher_1994-07-30_127
1994,Washington Post Writers Group,Crossword Puzzle,Washington Post Magazine,weekly,"WPW ad: ""A once-a-week puzzle""",sim_editor-publisher_1994-07-30_127
1995,Al Smith Feature Service,Crossword,Staff,weekly,,sim_editor-publisher_1995-07-29_128_30
1995,American Crossword Federation,The Newsday Crossword,Stanley Newman,seven a week,,sim_editor-publisher_1995-07-29_128_30
1995,American International Syndicate,Giant Crossword Puzzles,N. Dickson,weekly,,sim_editor-publisher_1995-07-29_128_30
1995,AP Newsfeatures,Crossword Puzzle,Doug Cooper,six a week,,sim_editor-publisher_1995-07-29_128_30
1995,AP Newsfeatures,Sunday Crossword,Chet Currier,Sunday,,sim_editor-publisher_1995-07-29_128_30
1995,Associated Features Inc,Crossword of Current Events,Various,weekly,2 col.,sim_editor-publisher_1995-07-29_128_30
1995,Associated Features Inc,Maryland Crossword,Various,weekly,2 col.; regional,sim_editor-publisher_1995-07-29_128_30
1995,Associated Features Inc,Virginia Crossword,Various,weekly,2 col.; regional,sim_editor-publisher_1995-07-29_128_30
1995,BONAT's Diversified,Crossword Puzzles,Staff,weekly,page,sim_editor-publisher_1995-07-29_128_30
1995,"code OCR ""eSPS"" (Community and Suburban Press?)",Weekend Crossword,Staff,weekly,,sim_editor-publisher_1995-07-29_128_30
1995,Copley News Service,Crossword & Games,Various,seven a week / weekly,,sim_editor-publisher_1995-07-29_128_30
1995,Copley News Service,Crossword Puzzle,Kevin Libby,weekly,,sim_editor-publisher_1995-07-29_128_30
1995,Creators Syndicate,Newsday Crossword Puzzle,Stanley Newman,six a week and Sunday,,sim_editor-publisher_1995-07-29_128_30
1995,Creators Syndicate,Sportsbuff,Steve Ollove,weekly,probably a crossword (same author),sim_editor-publisher_1995-07-29_128_30
1995,Davy Associates Media Features,Best Weekly Crossword,T. H. Fallon,weekly,"8x10""",sim_editor-publisher_1995-07-29_128_30
1995,Editor's Copy Syndicate,Crossword,Staff,weekly,"20x9""",sim_editor-publisher_1995-07-29_128_30
1995,King Features Syndicate,Crossword Puzzle with Cryptoquip,Eugene Sheffer,six a week,,sim_editor-publisher_1995-07-29_128_30
1995,King Features Syndicate,Crossword Puzzle with Cryptoquote,Thomas Joseph,six a week,,sim_editor-publisher_1995-07-29_128_30
1995,King Features Syndicate,Maritza Sunday Crossword Puzzle (Spanish Only),Alfaro,Sunday,,sim_editor-publisher_1995-07-29_128_30
1995,King Features Syndicate,Premier Crossword Puzzle with Cryptoquip,Donna Stone,Sunday,,sim_editor-publisher_1995-07-29_128_30
1995,King Features Syndicate,Spanish Crossword Puzzle,Alfaro,six a week,,sim_editor-publisher_1995-07-29_128_30
1995,King Features Syndicate,Spanish Crossword Puzzle,Ramos,six a week,,sim_editor-publisher_1995-07-29_128_30
1995,King Features Weekly Service,King Crossword,,,KFWS display ad only,sim_editor-publisher_1995-07-29_128_30
1995,King Features Weekly Service,Super Crossword,,,KFWS display ad only,sim_editor-publisher_1995-07-29_128_30
1995,Liberty Features Syndicate,Canadian Criss Cross,Walter Feener,weekly,quarter page,sim_editor-publisher_1995-07-29_128_30
1995,Los Angeles Times Syndicate,Los Angeles Times Daily Crossword Puzzle,Staff,six a week,,sim_editor-publisher_1995-07-29_128_30
1995,Los Angeles Times Syndicate,Los Angeles Times Sunday Crossword Puzzle,Staff,weekly (Sunday),,sim_editor-publisher_1995-07-29_128_30
1995,Los Angeles Times Syndicate,Observer Crossword,,weekly,,sim_editor-publisher_1995-07-29_128_30
1995,Los Angeles Times Syndicate,Quote-Acrostic,Charles Preston,weekly,acrostic,sim_editor-publisher_1995-07-29_128_30
1995,Mark-Morgan Inc,Crossword,Agnes DeSatta,weekly,"21x6.5""",sim_editor-publisher_1995-07-29_128_30
1995,Megalo Media,Crossword Puzzle,J. Baxter Newgate,seven a week,,sim_editor-publisher_1995-07-29_128_30
1995,NEA (United Media),The Crossword Puzzle,Staff,six a week,"12x7""",sim_editor-publisher_1995-07-29_128_30
1995,New York Times Syndication,Crossword (Daily) Puzzles From The New York Times,Will Shortz,six a week,,sim_editor-publisher_1995-07-29_128_30
1995,New York Times Syndication,Crossword (Sunday) Puzzles From The New York Times,,weekly,,sim_editor-publisher_1995-07-29_128_30
1995,Oceanic Press Service,Daily & Weekly Crosswords,Gordon,weekly and seven a week,,sim_editor-publisher_1995-07-29_128_30
1995,Puzzle Features Syndicate,Crossword Puzzles,Jackie Mathews / Calvin R. Mathews,seven a week,,sim_editor-publisher_1995-07-29_128_30
1995,Puzzles By Shanta,The Crossword,,,variable,sim_editor-publisher_1995-07-29_128_30
1995,Scrambl-Gram Inc,Christian Crosswords,Chic Elum,weekly,,sim_editor-publisher_1995-07-29_128_30
1995,Scrambl-Gram Inc,ColorCross,Chic Elum,weekly,crossword variant?,sim_editor-publisher_1995-07-29_128_30
1995,Scrambl-Gram Inc,Giant Crossword,Chic Elum,weekly,,sim_editor-publisher_1995-07-29_128_30
1995,Scrambl-Gram Inc,Kwik-Kross,Chic Elum,seven a week,crossword variant (title),sim_editor-publisher_1995-07-29_128_30
1995,Singer Communications (code SCI),Crosswords,Various,weekly,quarter page,sim_editor-publisher_1995-07-29_128_30
1995,Singer Communications (code SCI),Juvenile Picture Crosswords,Engleman/Trag,weekly,,sim_editor-publisher_1995-07-29_128_30
1995,Sportsbuff Features,Sports Buff Crossword,Steve Ollove,weekly,,sim_editor-publisher_1995-07-29_128_30
1995,Tribune Media Services,Daily Commuter Crossword,Herb Ettenson (Editor),six a week,"21x9""",sim_editor-publisher_1995-07-29_128_30
1995,Tribune Media Services,The Daily Crossword,Herb Ettenson (Editor),six a week,"21x9""",sim_editor-publisher_1995-07-29_128_30
1995,Tribune Media Services,The Sunday Crossword,Herb Ettenson (Editor),Sunday,,sim_editor-publisher_1995-07-29_128_30
1995,Tribune Media Services,TV Crossword,Herb Ettenson,weekly / Sunday,,sim_editor-publisher_1995-07-29_128_30
1995,United Feature Syndicate,Crossword Puzzler,Staff,six a week,,sim_editor-publisher_1995-07-29_128_30
1995,United Feature Syndicate,Crucigrama de Hoy,Luis Campos,six a week,Spanish,sim_editor-publisher_1995-07-29_128_30
1995,United Feature Syndicate,Prizeweek Puzzle,Staff,weekly,"12x3.5""",sim_editor-publisher_1995-07-29_128_30
1995,United Feature Syndicate,Spanish Crossword,Luis Campos,weekly,Spanish,sim_editor-publisher_1995-07-29_128_30
1995,United Feature Syndicate,Sunday Crossword Puzzler,Staff,weekly / Sunday,,sim_editor-publisher_1995-07-29_128_30
1995,United Feature Syndicate,Theme Crossword,Staff,weekly,,sim_editor-publisher_1995-07-29_128_30
1995,United Feature Syndicate,Today's Crossword,Staff,six a week,,sim_editor-publisher_1995-07-29_128_30
1995,United Feature Syndicate,Today's Sunday,Staff,Sunday,,sim_editor-publisher_1995-07-29_128_30
1995,United Feature Syndicate,TV Crosswords,Staff,weekly,,sim_editor-publisher_1995-07-29_128_30
1995,Washington Post Writers Group,Crossword Puzzle,Washington Post Magazine,weekly,,sim_editor-publisher_1995-07-29_128_30
1996,Al Smith Feature Service,Crossword,Staff,weekly,"3.25x4.75""",sim_editor-publisher_1996-08-03_129_31_0
1996,American Crossword Federation,The Newsday Crossword,Stanley Newman,seven a week,,sim_editor-publisher_1996-08-03_129_31_0
1996,AP Newsfeatures,Crossword Puzzle,Doug Cooper,six a week,"22x8 1/8""",sim_editor-publisher_1996-08-03_129_31_0
1996,AP Newsfeatures,Sunday Crossword,Chet Currier,Sunday,"45x5 5/8""",sim_editor-publisher_1996-08-03_129_31_0
1996,Associated Features Inc,Crossword of Current Events,Various,weekly,2 col.,sim_editor-publisher_1996-08-03_129_31_0
1996,Associated Features Inc,Maryland Crossword,Various,weekly,2 col.; regional,sim_editor-publisher_1996-08-03_129_31_0
1996,Associated Features Inc,Virginia Crossword,Various,weekly,2 col.; regional,sim_editor-publisher_1996-08-03_129_31_0
1996,Avanti NewsFeatures,Auto Crossword,Avanti Staff,weekly,listed under automotive classification,sim_editor-publisher_1996-08-03_129_31_0
1996,BONAT's Diversified,Crossword Puzzles,Staff,weekly,page,sim_editor-publisher_1996-08-03_129_31_0
1996,Community and Suburban Press Service (code CSPS),Weekend Crossword,Staff,weekly,"9.5x11"" / 12.3 picas; classified code OCR ""eSPS"", title index CSPS",sim_editor-publisher_1996-08-03_129_31_0
1996,Copley News Service,Crossword & Games,Various,seven a week / weekly,,sim_editor-publisher_1996-08-03_129_31_0
1996,Copley News Service,Crossword Puzzle,T. H. Fallon,weekly,25.6 picas,sim_editor-publisher_1996-08-03_129_31_0
1996,Creators Syndicate,Newsday Crossword Puzzle,Stanley Newman,six a week and Sunday,,sim_editor-publisher_1996-08-03_129_31_0
1996,Creators Syndicate,Sportsbuff,Steve Ollove,weekly,probably a crossword (same author),sim_editor-publisher_1996-08-03_129_31_0
1996,Davy Associates Media Features,Best Weekly Crossword,T. H. Fallon,weekly,"8x10""",sim_editor-publisher_1996-08-03_129_31_0
1996,Editor's Copy Syndicate,Crossword,Staff,weekly,"20x9""",sim_editor-publisher_1996-08-03_129_31_0
1996,King Features Syndicate,Crossword Puzzle with Cryptoquip,Eugene Sheffer,six a week,"19.25x7.5""",sim_editor-publisher_1996-08-03_129_31_0
1996,King Features Syndicate,Crossword Puzzle with Cryptoquote,Thomas Joseph,six a week,"19.25x5.5""",sim_editor-publisher_1996-08-03_129_31_0
1996,King Features Syndicate,Maritza Sunday Crossword Puzzle (Spanish Only),Alfaro,Sunday,"Spanish; KFS ad says ""by Alfaro and Ramos""",sim_editor-publisher_1996-08-03_129_31_0
1996,King Features Syndicate,Premier Crossword Puzzle with Cryptoquip,Donna Stone,Sunday,"37.5x12"" / 47.5x10""",sim_editor-publisher_1996-08-03_129_31_0
1996,King Features Syndicate,Spanish Crossword Puzzle,Alfaro,six a week,"Spanish; 3 5/32""",sim_editor-publisher_1996-08-03_129_31_0
1996,King Features Syndicate,Spanish Crossword Puzzle,Ramos,six a week,"Spanish; 3 5/32""",sim_editor-publisher_1996-08-03_129_31_0
1996,King Features Weekly Service,King Crossword,,,KFWS display ad only,sim_editor-publisher_1996-08-03_129_31_0
1996,King Features Weekly Service,Super Crossword,,,KFWS display ad only,sim_editor-publisher_1996-08-03_129_31_0
1996,Liberty Features Syndicate,Canadian Criss Cross,Walter Feener,weekly,quarter page; Canadian,sim_editor-publisher_1996-08-03_129_31_0
1996,Los Angeles Times Syndicate,Los Angeles Times Daily Crossword Puzzle,Staff,six a week,"19.5x3.25""",sim_editor-publisher_1996-08-03_129_31_0
1996,Los Angeles Times Syndicate,Los Angeles Times Sunday Crossword Puzzle,Staff,weekly (Sunday),"32x5 3/8""",sim_editor-publisher_1996-08-03_129_31_0
1996,Los Angeles Times Syndicate,Observer Crossword,Charles Preston,weekly,author from LATS ad,sim_editor-publisher_1996-08-03_129_31_0
1996,Los Angeles Times Syndicate,Quote-Acrostic,Charles Preston,weekly,acrostic,sim_editor-publisher_1996-08-03_129_31_0
1996,Mark-Morgan Inc,Crossword,Agnes DeSatta,weekly,"21x6.5""",sim_editor-publisher_1996-08-03_129_31_0
1996,Megalo Media,Crossword Puzzle,J. Baxter Newgate,seven a week,"72x6""",sim_editor-publisher_1996-08-03_129_31_0
1996,NEA (United Media),The Crossword Puzzle,Staff,six a week,"12x7""",sim_editor-publisher_1996-08-03_129_31_0
1996,New York Times Syndication,Crossword (Daily) Puzzles From The New York Times,Will Shortz,six a week,"6x6"" / 9x6.5""",sim_editor-publisher_1996-08-03_129_31_0
1996,New York Times Syndication,Crossword (Sunday) Puzzles From The New York Times,,weekly,"9x7.5""",sim_editor-publisher_1996-08-03_129_31_0
1996,Puzzle Features Syndicate,Crossword Puzzles,Jackie Mathews,seven a week,,sim_editor-publisher_1996-08-03_129_31_0
1996,Scrambl-Gram Inc,Christian Crosswords,Chic Elum,weekly,,sim_editor-publisher_1996-08-03_129_31_0
1996,Scrambl-Gram Inc,ColorCross,Chic Elum,weekly,crossword variant?,sim_editor-publisher_1996-08-03_129_31_0
1996,Scrambl-Gram Inc,Giant Crossword,Chic Elum,weekly,,sim_editor-publisher_1996-08-03_129_31_0
1996,Scrambl-Gram Inc,Kwik-Kross,Chic Elum,seven a week,,sim_editor-publisher_1996-08-03_129_31_0
1996,Scrambl-Gram Inc,Soap Opera Crosswords,Chic Elum,weekly,listed under Word Games,sim_editor-publisher_1996-08-03_129_31_0
1996,Singer Communications (code SCI),Acrostic Wit,Hart,weekly,"page; listed under Word Games; acrostic, grid type uncertain",sim_editor-publisher_1996-08-03_129_31_0
1996,Singer Communications (code SCI),Acrostics,Hart,weekly,"quarter page; listed under Word Games; acrostic, grid type uncertain",sim_editor-publisher_1996-08-03_129_31_0
1996,Singer Communications (code SCI),Crosswords,Various,weekly,quarter page,sim_editor-publisher_1996-08-03_129_31_0
1996,Singer Communications (code SCI),Crosswordwise,Various,six a week,quarter page; listed under Word Games; type uncertain,sim_editor-publisher_1996-08-03_129_31_0
1996,Singer Communications (code SCI),Juvenile Picture Crosswords,Engleman/Trag,weekly,,sim_editor-publisher_1996-08-03_129_31_0
1996,Sportsbuff Features,Sports Buff Crossword,Steve Ollove,weekly,"37.5x4.5""",sim_editor-publisher_1996-08-03_129_31_0
1996,Tribune Media Services,Daily Commuter Crossword,Herb Ettenson (Editor),six a week,"21x9""",sim_editor-publisher_1996-08-03_129_31_0
1996,Tribune Media Services,The Daily Crossword,Herb Ettenson (Editor),six a week,"21x9""",sim_editor-publisher_1996-08-03_129_31_0
1996,Tribune Media Services,The Sunday Crossword,Herb Ettenson (Editor),Sunday,,sim_editor-publisher_1996-08-03_129_31_0
1996,Tribune Media Services,TV Crossword,Herb Ettenson,weekly / Sunday,"21x9""",sim_editor-publisher_1996-08-03_129_31_0
1996,United Feature Syndicate,Crossword Puzzler,Staff,six a week,"12x7""",sim_editor-publisher_1996-08-03_129_31_0
1996,United Feature Syndicate,Crucigrama de Hoy,Luis Campos,six a week,"Spanish; 4.25x10.5""",sim_editor-publisher_1996-08-03_129_31_0
1996,United Feature Syndicate,In Their Own Words,Don O'Brian,Sunday,crossword-style puzzle per 1991 ad; author changed from Paul Hovde,sim_editor-publisher_1996-08-03_129_31_0
1996,United Feature Syndicate,Prizeweek Puzzle,Staff,weekly,"12x3.5""",sim_editor-publisher_1996-08-03_129_31_0
1996,United Feature Syndicate,Spanish Crossword,Luis Campos,weekly,"Spanish; 4.25x10.5""",sim_editor-publisher_1996-08-03_129_31_0
1996,United Feature Syndicate,Sunday Crossword Puzzler,Staff,weekly / Sunday,,sim_editor-publisher_1996-08-03_129_31_0
1996,United Feature Syndicate,Theme Crossword,Staff,weekly,,sim_editor-publisher_1996-08-03_129_31_0
1996,United Feature Syndicate,Today's Crossword,Staff,six a week,"12x10.5"" / 18x5.25""",sim_editor-publisher_1996-08-03_129_31_0
1996,United Feature Syndicate,Today's Sunday,Staff,Sunday,"12x10.5"" / 18x5.25""; United Media ad ""Today's Sunday Crossword (1tw)""",sim_editor-publisher_1996-08-03_129_31_0
1996,United Feature Syndicate,TV Crosswords,Staff,weekly,"18x7""",sim_editor-publisher_1996-08-03_129_31_0
1996,Washington Post Writers Group,Crossword Puzzle,Washington Post Magazine,weekly,,sim_editor-publisher_1996-08-03_129_31_0
1997,Al Smith Feature Service,Crossword,Staff,weekly,"3.25x4.75""",sim_editor-publisher_1997-08-02_130_31
1997,American Crossword Federation,The Newsday Crossword,Stanley Newman,seven a week,,sim_editor-publisher_1997-08-02_130_31
1997,American Publishing Corp,Crossword of Current Events,Douglas A. Cohn,weekly,2 col.; formerly Associated Features,sim_editor-publisher_1997-08-02_130_31
1997,AP Newsfeatures,Crossword Puzzle,Doug Cooper,six a week,"22x8 1/8""",sim_editor-publisher_1997-08-02_130_31
1997,AP Newsfeatures,Sunday Crossword,Chet Currier,Sunday,"45x5 5/8""",sim_editor-publisher_1997-08-02_130_31
1997,BONAT's Diversified,Crossword Puzzles,Staff,weekly,page,sim_editor-publisher_1997-08-02_130_31
1997,Community and Suburban Press Service (code CSPS),Weekend Crossword,Staff,weekly,"9.5x11"" / 12.3 picas",sim_editor-publisher_1997-08-02_130_31
1997,Copley News Service,Crossword & Games,Various,seven a week / weekly,,sim_editor-publisher_1997-08-02_130_31
1997,Copley News Service,Crossword Puzzle,Charles Preston,weekly,25.6 picas,sim_editor-publisher_1997-08-02_130_31
1997,Creators Syndicate,NetWord,Stanley Newman (editor),seven a week,news item only: online Java version of the Newsday/Creators crossword,sim_editor-publisher_1997-08-02_130_31
1997,Creators Syndicate,Newsday Crossword Puzzle,Stanley Newman,six a week and Sunday,,sim_editor-publisher_1997-08-02_130_31
1997,Creators Syndicate,Sportsbuff,Steve Ollove,weekly,probably a crossword (same author),sim_editor-publisher_1997-08-02_130_31
1997,Davy Associates Media Features,Best Weekly Crossword,T. H. Fallon,weekly,"8x10""",sim_editor-publisher_1997-08-02_130_31
1997,Editor's Copy Syndicate,Crossword,Staff,weekly,"20x9""",sim_editor-publisher_1997-08-02_130_31
1997,King Features Syndicate,Crossword Puzzle with Cryptoquip,Eugene Sheffer,six a week,"19.25x7.5""",sim_editor-publisher_1997-08-02_130_31
1997,King Features Syndicate,Crossword Puzzle with Cryptoquote,Thomas Joseph,six a week,"19.25x5.5""",sim_editor-publisher_1997-08-02_130_31
1997,King Features Syndicate,Maritza Sunday Crossword Puzzle (Spanish Only),Alfaro,Sunday,"Spanish; KFS ad says ""by Alfaro and Ramos""",sim_editor-publisher_1997-08-02_130_31
1997,King Features Syndicate,Premier Crossword Puzzle with Cryptoquip,Donna Stone,Sunday,"37.5x12"" / 47.5x10""",sim_editor-publisher_1997-08-02_130_31
1997,King Features Syndicate,Spanish Crossword Puzzle,Alfaro,six a week,"Spanish; 3 5/32""",sim_editor-publisher_1997-08-02_130_31
1997,King Features Syndicate,Spanish Crossword Puzzle,Ramos,six a week,"Spanish; 3 5/32""",sim_editor-publisher_1997-08-02_130_31
1997,Liberty Features Syndicate,Canadian Criss Cross,Walter Feener,weekly,quarter page; Canadian,sim_editor-publisher_1997-08-02_130_31
1997,Los Angeles Times Syndicate,Los Angeles Times Daily Crossword Puzzle,Staff,six a week,"19.5x3.25""",sim_editor-publisher_1997-08-02_130_31
1997,Los Angeles Times Syndicate,Los Angeles Times Digital Crossword,,weekly,online delivery,sim_editor-publisher_1997-08-02_130_31
1997,Los Angeles Times Syndicate,Los Angeles Times Sunday Crossword Puzzle,Staff,weekly (Sunday),"32x5 3/8""",sim_editor-publisher_1997-08-02_130_31
1997,Los Angeles Times Syndicate,Observer Crossword,Charles Preston,weekly,author from LATS ad,sim_editor-publisher_1997-08-02_130_31
1997,Los Angeles Times Syndicate,Quote-Acrostic,Charles Preston,weekly,acrostic,sim_editor-publisher_1997-08-02_130_31
1997,Mark-Morgan Inc,Crossword,Agnes DeSatta,weekly,"21x6.5""",sim_editor-publisher_1997-08-02_130_31
1997,Megalo Media,Crossword Puzzle,J. Baxter Newgate,seven a week,"72x6""",sim_editor-publisher_1997-08-02_130_31
1997,NEA (United Media),The Crossword Puzzle,Staff,six a week,"12x7""",sim_editor-publisher_1997-08-02_130_31
1997,New York Times Syndication,Crossword (Daily) Puzzles From The New York Times,Will Shortz,six a week,"6x6"" / 9x6.5""",sim_editor-publisher_1997-08-02_130_31
1997,New York Times Syndication,Crossword (Sunday) Puzzles From The New York Times,,weekly,"9x7.5""",sim_editor-publisher_1997-08-02_130_31
1997,Puzzle Features Syndicate,Crossword Puzzles,Jackie Mathews,seven a week,"also E&P classified ad ""The Finest In Crossword Puzzles""",sim_editor-publisher_1997-08-02_130_31
1997,Scrambl-Gram Inc,Christian Crosswords,Chic Elum,weekly,,sim_editor-publisher_1997-08-02_130_31
1997,Scrambl-Gram Inc,ColorCross,Chic Elum,weekly,crossword variant?,sim_editor-publisher_1997-08-02_130_31
1997,Scrambl-Gram Inc,Giant Crossword,Chic Elum,weekly,,sim_editor-publisher_1997-08-02_130_31
1997,Scrambl-Gram Inc,Kwik-Kross,Chic Elum,seven a week,,sim_editor-publisher_1997-08-02_130_31
1997,Scrambl-Gram Inc,Soap Opera Crosswords,Chic Elum,weekly,listed under Word Games,sim_editor-publisher_1997-08-02_130_31
1997,Singer Communications (code SCI),Acrostic Wit,Hart,weekly,"page; listed under Word Games; acrostic, grid type uncertain",sim_editor-publisher_1997-08-02_130_31
1997,Singer Communications (code SCI),Acrostics,Hart,weekly,"quarter page; listed under Word Games; acrostic, grid type uncertain",sim_editor-publisher_1997-08-02_130_31
1997,Singer Communications (code SCI),Crosswords,Various,weekly,quarter page,sim_editor-publisher_1997-08-02_130_31
1997,Singer Communications (code SCI),Crosswordwise,Various,six a week,quarter page; listed under Word Games; type uncertain,sim_editor-publisher_1997-08-02_130_31
1997,Singer Communications (code SCI),Juvenile Picture Crosswords,Engleman/Trag,weekly,,sim_editor-publisher_1997-08-02_130_31
1997,Sportsbuff Features,Sportsbuff Crossword,Steve Ollove,weekly,"37.5x4.5""",sim_editor-publisher_1997-08-02_130_31
1997,Tribune Media Services,Daily Commuter Crossword,,six a week,"21x9""; no editor named",sim_editor-publisher_1997-08-02_130_31
1997,Tribune Media Services,Jumble Crosswords,,seven a week,listed under Word Games,sim_editor-publisher_1997-08-02_130_31
1997,Tribune Media Services,The Daily Crossword,,six a week,"21x9""; no editor named",sim_editor-publisher_1997-08-02_130_31
1997,Tribune Media Services,The Sunday Crossword,,Sunday,no editor named,sim_editor-publisher_1997-08-02_130_31
1997,Tribune Media Services,TV Crossword,,weekly / Sunday,"21x9""; no editor named",sim_editor-publisher_1997-08-02_130_31
1997,United Feature Syndicate,Crossword Puzzler,Staff,six a week,"12x7""",sim_editor-publisher_1997-08-02_130_31
1997,United Feature Syndicate,Crucigrama de Hoy,Luis Campos,six a week,"Spanish; 4.25x10.5""",sim_editor-publisher_1997-08-02_130_31
1997,United Feature Syndicate,In Their Own Words,Don O'Briant,Sunday,crossword-style puzzle per 1991 ad,sim_editor-publisher_1997-08-02_130_31
1997,United Feature Syndicate,Prizeweek Puzzle,Staff,weekly,"12x3.5""",sim_editor-publisher_1997-08-02_130_31
1997,United Feature Syndicate,Spanish Crossword,Luis Campos,weekly,"Spanish; 4.25x10.5""",sim_editor-publisher_1997-08-02_130_31
1997,United Feature Syndicate,Sunday Crossword Puzzler,Staff,weekly / Sunday,,sim_editor-publisher_1997-08-02_130_31
1997,United Feature Syndicate,Theme Crossword,Staff,weekly,,sim_editor-publisher_1997-08-02_130_31
1997,United Feature Syndicate,Today's Crossword,Staff,six a week,"12x10.5"" / 18x5.25""",sim_editor-publisher_1997-08-02_130_31
1997,United Feature Syndicate,Today's Sunday,Staff,Sunday,"12x10.5"" / 18x5.25""; United Media ad ""Today's Sunday Crossword (1tw)""",sim_editor-publisher_1997-08-02_130_31
1997,United Feature Syndicate,TV Crosswords,Staff,weekly,"18x7""",sim_editor-publisher_1997-08-02_130_31
1997,Universal Press Syndicate,The Universal Crossword,,seven a week / weekly,listed outside the puzzles classification; electronic/online delivery,sim_editor-publisher_1997-08-02_130_31
1997,Washington Post Writers Group,Crossword Puzzle,Washington Post Magazine,weekly,"WPW ad ""Washington Post Magazine Sunday Crossword Puzzle""",sim_editor-publisher_1997-08-02_130_31
1998,American Crossword Federation,The Netword Puzzle,Stanley Newman,seven a week,online delivery,sim_editor-publisher_1998-08-01_131_31
1998,American Crossword Federation,The Newsday Crossword,Stanley Newman,seven a week,,sim_editor-publisher_1998-08-01_131_31
1998,American Publishing Corp,Crossword of Current Events,Douglas A. Cohn,weekly,2 col.,sim_editor-publisher_1998-08-01_131_31
1998,AP Newsfeatures,Crossword Puzzle,Doug Cooper,six a week,"22x8 1/8""",sim_editor-publisher_1998-08-01_131_31
1998,AP Newsfeatures,Sunday Crossword,Chet Currier,Sunday,"45x5 5/8""",sim_editor-publisher_1998-08-01_131_31
1998,BONAT's Diversified,Crossword Puzzles,Staff,weekly,page,sim_editor-publisher_1998-08-01_131_31
1998,Community and Suburban Press Service (code CSPS),Weekend Crossword,Staff,weekly,"9.5x11"" / 12.3 picas",sim_editor-publisher_1998-08-01_131_31
1998,Copley News Service,Crossword & Games,Various,seven a week / weekly,,sim_editor-publisher_1998-08-01_131_31
1998,Copley News Service,Crossword Puzzle,Charles Preston,weekly,25.6 picas,sim_editor-publisher_1998-08-01_131_31
1998,Creators Syndicate,Netword,,seven a week,online crossword,sim_editor-publisher_1998-08-01_131_31
1998,Creators Syndicate,Newsday Crossword Puzzle,Stanley Newman,six a week and Sunday,,sim_editor-publisher_1998-08-01_131_31
1998,Creators Syndicate,Sportsbuff,Steve Ollove,weekly,probably a crossword (same author),sim_editor-publisher_1998-08-01_131_31
1998,Davy Associates Media Features,Best Weekly Crossword,T. H. Fallon,weekly,"8x10""",sim_editor-publisher_1998-08-01_131_31
1998,Editor's Copy Syndicate,Crossword,Staff,weekly,"20x9""",sim_editor-publisher_1998-08-01_131_31
1998,King Features Syndicate,Crossword Puzzle with Cryptoquip,Eugene Sheffer,six a week,"19.25x7.5""",sim_editor-publisher_1998-08-01_131_31
1998,King Features Syndicate,Crossword Puzzle with Cryptoquote,Thomas Joseph,six a week,"19.25x5.5""",sim_editor-publisher_1998-08-01_131_31
1998,King Features Syndicate,Premier Crossword Puzzle with Cryptoquip,Donna Stone,Sunday,"37.5x12"" / 47.5x10""",sim_editor-publisher_1998-08-01_131_31
1998,King Features Weekly Service,King Crossword,,,KFWS display ad only,sim_editor-publisher_1998-08-01_131_31
1998,King Features Weekly Service,Super Crossword,,,KFWS display ad only,sim_editor-publisher_1998-08-01_131_31
1998,Liberty Features Syndicate,Canadian Criss Cross,Walter Feener,weekly,quarter page; Canadian,sim_editor-publisher_1998-08-01_131_31
1998,Los Angeles Times Syndicate,Los Angeles Times Daily Crossword Puzzle,Staff,six a week,"19.5x3.25""",sim_editor-publisher_1998-08-01_131_31
1998,Los Angeles Times Syndicate,Los Angeles Times Digital Crossword,,weekly,online delivery,sim_editor-publisher_1998-08-01_131_31
1998,Los Angeles Times Syndicate,Los Angeles Times Sunday Crossword Puzzle,Staff,weekly (Sunday),"32x5 3/8""",sim_editor-publisher_1998-08-01_131_31
1998,Los Angeles Times Syndicate,Observer Crossword,Charles Preston,weekly,author from LATS ad,sim_editor-publisher_1998-08-01_131_31
1998,Los Angeles Times Syndicate,Quote-Acrostic,Charles Preston,weekly,acrostic,sim_editor-publisher_1998-08-01_131_31
1998,Mark-Morgan Inc,Crossword,Agnes DeSatta,weekly,"21x6.5""",sim_editor-publisher_1998-08-01_131_31
1998,Megalo Media,Crossword Puzzle,J. Baxter Newgate,seven a week,"72x6""",sim_editor-publisher_1998-08-01_131_31
1998,NEA (United Media),The Crossword Puzzle,Staff,six a week,"12x7""",sim_editor-publisher_1998-08-01_131_31
1998,New York Times Syndication,Crossword (Daily) Puzzles From The New York Times,Will Shortz,six a week,"6x6"" / 9x6.5""",sim_editor-publisher_1998-08-01_131_31
1998,New York Times Syndication,Crossword (Sunday) Puzzles From The New York Times,,weekly,"9x7.5""",sim_editor-publisher_1998-08-01_131_31
1998,Puzzle Features Syndicate,Crossword Puzzles,Jackie Mathews,seven a week,"also E&P classified ad ""The Finest In Crossword Puzzles""",sim_editor-publisher_1998-08-01_131_31
1998,Scrambl-Gram Inc,Christian Crosswords,Chic Elum,weekly,,sim_editor-publisher_1998-08-01_131_31
1998,Scrambl-Gram Inc,ColorCross,Chic Elum,weekly,crossword variant?,sim_editor-publisher_1998-08-01_131_31
1998,Scrambl-Gram Inc,Giant Crossword,Chic Elum,weekly,,sim_editor-publisher_1998-08-01_131_31
1998,Scrambl-Gram Inc,Kwik-Kross,Chic Elum,seven a week,,sim_editor-publisher_1998-08-01_131_31
1998,Scrambl-Gram Inc,Soap Opera Crosswords,Chic Elum,weekly,listed under Word Games,sim_editor-publisher_1998-08-01_131_31
1998,Singer Communications (code SCI),Acrostic Wit,Hart,weekly,"page; listed under Word Games; acrostic, grid type uncertain",sim_editor-publisher_1998-08-01_131_31
1998,Singer Communications (code SCI),Acrostics,Hart,weekly,"quarter page; listed under Word Games; acrostic, grid type uncertain",sim_editor-publisher_1998-08-01_131_31
1998,Singer Communications (code SCI),Crosswords,Various,weekly,quarter page,sim_editor-publisher_1998-08-01_131_31
1998,Singer Communications (code SCI),Crosswordwise,Various,six a week,quarter page; listed under Word Games; type uncertain,sim_editor-publisher_1998-08-01_131_31
1998,Singer Communications (code SCI),Juvenile Picture Crosswords,Engleman/W. Trag,weekly,,sim_editor-publisher_1998-08-01_131_31
1998,Sportsbuff Features,Sportsbuff Crossword,Steve Ollove,weekly,"37.5x4.5""",sim_editor-publisher_1998-08-01_131_31
1998,Toronto Sun Syndicated Services (Canada),Cryptic Crossword,Michael Harris,,"Canadian; e-mail delivery; cryptic (out of scope, recorded only)",sim_editor-publisher_1998-08-01_131_31
1998,Tribune Media Services,Commuter Crossword,,six a week,29.5x51p,sim_editor-publisher_1998-08-01_131_31
1998,Tribune Media Services,Jumble Crosswords,,six a week,listed under Word Games; 25.67x22.17p / 37.83x11.5p / 18.67x32.83p,sim_editor-publisher_1998-08-01_131_31
1998,Tribune Media Services,Sunday Jumble Crossword,,Sunday,76.17x25.83p / 36x35.92p / 21.25x51.42p,sim_editor-publisher_1998-08-01_131_31
1998,Tribune Media Services,The Daily Crossword,,six a week,"21x9""",sim_editor-publisher_1998-08-01_131_31
1998,Tribune Media Services,The Sunday Crossword,,Sunday,,sim_editor-publisher_1998-08-01_131_31
1998,Tribune Media Services,TV Crossword,,weekly / Sunday,"21x9""",sim_editor-publisher_1998-08-01_131_31
1998,United Feature Syndicate,Crossword Puzzler,Staff,six a week,"12x7""",sim_editor-publisher_1998-08-01_131_31
1998,United Feature Syndicate,In Their Own Words,Don O'Briant,Sunday?,title index only; frequency from 1997,sim_editor-publisher_1998-08-01_131_31
1998,United Feature Syndicate,Prizeweek Puzzle,Staff,weekly,"12x3.5""",sim_editor-publisher_1998-08-01_131_31
1998,United Feature Syndicate,Sunday Crossword Puzzler,Staff,Sunday,,sim_editor-publisher_1998-08-01_131_31
1998,United Feature Syndicate,Theme Crossword,Staff,weekly,,sim_editor-publisher_1998-08-01_131_31
1998,United Feature Syndicate,Today's Crossword,Staff,six a week,"12x10.5"" / 18x5.25""",sim_editor-publisher_1998-08-01_131_31
1998,United Feature Syndicate,Today's Sunday,Staff,Sunday,"12x10.5"" / 18x5.25""; United Media ad ""Today's Sunday Crossword (1tw)""",sim_editor-publisher_1998-08-01_131_31
1998,United Feature Syndicate,TV Crosswords,Staff,weekly,"18x7""",sim_editor-publisher_1998-08-01_131_31
1998,Universal Press Syndicate,The Universal Crossword,,seven a week / weekly,listed outside the puzzles classification; electronic/online delivery,sim_editor-publisher_1998-08-01_131_31
1998,Washington Post Writers Group,Crossword Puzzle,Washington Post Magazine,weekly,,sim_editor-publisher_1998-08-01_131_31
1999,American Crossword Federation,The Netword Puzzle,Stanley Newman,seven a week,online delivery,sim_editor-publisher_1999-08-07_132_32
1999,American Crossword Federation,The Newsday Crossword,Stanley Newman,seven a week,,sim_editor-publisher_1999-08-07_132_32
1999,American Publishing Corp,Crossword of Current Events,Douglas A. Cohn,weekly,2 col.,sim_editor-publisher_1999-08-07_132_32
1999,AP Newsfeatures,Crossword Puzzle,Doug Cooper,six a week,"22x8 1/8""",sim_editor-publisher_1999-08-07_132_32
1999,AP Newsfeatures,Sunday Crossword,Chet Currier,Sunday,"45x5 5/8""",sim_editor-publisher_1999-08-07_132_32
1999,Community and Suburban Press Service (code CSPS),Weekend Crossword,Staff,weekly,"9.5x11"" / 12.3 picas; code OCR ""eSPS""",sim_editor-publisher_1999-08-07_132_32
1999,Copley News Service,Crossword & Games,Various,weekly,,sim_editor-publisher_1999-08-07_132_32
1999,Copley News Service,Crossword Puzzle,Charles Preston,weekly,25.6 picas,sim_editor-publisher_1999-08-07_132_32
1999,Creators Syndicate,Netword,,seven a week,online crossword,sim_editor-publisher_1999-08-07_132_32
1999,Creators Syndicate,Newsday Crossword Puzzle,Stanley Newman,six a week and Sunday,,sim_editor-publisher_1999-08-07_132_32
1999,Creators Syndicate,Sportsbuff,Steve Ollove,weekly,probably a crossword (same author),sim_editor-publisher_1999-08-07_132_32
1999,Davy Associates Media Features,Best Weekly Crossword,T. H. Fallon,weekly,"8x10""",sim_editor-publisher_1999-08-07_132_32
1999,Editor's Copy Syndicate,Crossword,Staff,weekly,"20x9""",sim_editor-publisher_1999-08-07_132_32
1999,King Features Syndicate,Crossword Puzzle with Cryptoquip,Eugene Sheffer,six a week,"19.25x7.5""",sim_editor-publisher_1999-08-07_132_32
1999,King Features Syndicate,Crossword Puzzle with Cryptoquote,Thomas Joseph,six a week,"19.25x5.5""",sim_editor-publisher_1999-08-07_132_32
1999,King Features Syndicate,Premier Crossword Puzzle with Cryptoquip,Donna Stone,Sunday,"37.5x12"" / 47.5x10""",sim_editor-publisher_1999-08-07_132_32
1999,King Features Weekly Service,King Crossword,,,KFWS display ad only,sim_editor-publisher_1999-08-07_132_32
1999,King Features Weekly Service,Super Crossword,,,"KFWS display ad only (""The Super Crossword"")",sim_editor-publisher_1999-08-07_132_32
1999,Los Angeles Times Syndicate,Los Angeles Times Daily Crossword Puzzle,Staff,six a week,"19.5x3.25""",sim_editor-publisher_1999-08-07_132_32
1999,Los Angeles Times Syndicate,Los Angeles Times Digital Crossword,,weekly,online delivery,sim_editor-publisher_1999-08-07_132_32
1999,Los Angeles Times Syndicate,Los Angeles Times Sunday Crossword Puzzle,Staff,weekly (Sunday),"32x5 3/8""",sim_editor-publisher_1999-08-07_132_32
1999,Los Angeles Times Syndicate,Observer Crossword,,weekly,,sim_editor-publisher_1999-08-07_132_32
1999,Los Angeles Times Syndicate,Quote-Acrostic,Charles Preston,weekly,acrostic,sim_editor-publisher_1999-08-07_132_32
1999,Mark-Morgan Inc,Crossword,Agnes DeSatta,weekly,"21x6.5""",sim_editor-publisher_1999-08-07_132_32
1999,Megalo Media,Crossword Puzzle,J. Baxter Newgate,seven a week,"72x6""",sim_editor-publisher_1999-08-07_132_32
1999,Miller Features Syndicate,Canadian Criss Cross,Walter Feener,weekly,Canadian; formerly Liberty Features,sim_editor-publisher_1999-08-07_132_32
1999,NEA (United Media),The Crossword Puzzle,Staff,six a week,"12x7""",sim_editor-publisher_1999-08-07_132_32
1999,New York Times Syndication,Crossword (Daily) Puzzles From The New York Times,Will Shortz,six a week,"6x6"" / 9x6.5""",sim_editor-publisher_1999-08-07_132_32
1999,New York Times Syndication,Crossword (Kids) From The New York Times Learning Network,,weekly,online/e-mail delivery,sim_editor-publisher_1999-08-07_132_32
1999,New York Times Syndication,Crossword (Sunday) Puzzles From The New York Times,,weekly,"9x7.5""",sim_editor-publisher_1999-08-07_132_32
1999,Puzzle Features Syndicate,Crossword Puzzles,Jackie Mathews,seven a week,,sim_editor-publisher_1999-08-07_132_32
1999,Scrambl-Gram Inc,Christian Crosswords,Chic Elum,weekly,,sim_editor-publisher_1999-08-07_132_32
1999,Scrambl-Gram Inc,ColorCross,Chic Elum,weekly,crossword variant?,sim_editor-publisher_1999-08-07_132_32
1999,Scrambl-Gram Inc,Giant Crossword,Chic Elum,weekly,,sim_editor-publisher_1999-08-07_132_32
1999,Scrambl-Gram Inc,Kwik-Kross,Chic Elum,seven a week,,sim_editor-publisher_1999-08-07_132_32
1999,Scrambl-Gram Inc,Soap Opera Crosswords,Chic Elum,weekly,listed under Word Games,sim_editor-publisher_1999-08-07_132_32
1999,Singer Communications (code SCI),Acrostic Wit,Hart,weekly,"page; listed under Word Games; acrostic, grid type uncertain",sim_editor-publisher_1999-08-07_132_32
1999,Singer Communications (code SCI),Acrostics,Hart,weekly,"quarter page; listed under Word Games; acrostic, grid type uncertain",sim_editor-publisher_1999-08-07_132_32
1999,Singer Communications (code SCI),Crosswords,Various,weekly,quarter page,sim_editor-publisher_1999-08-07_132_32
1999,Singer Communications (code SCI),Crosswordwise,Various,six a week,quarter page; listed under Word Games; type uncertain,sim_editor-publisher_1999-08-07_132_32
1999,Singer Communications (code SCI),Juvenile Picture Crosswords,W. Trag/Engleman,weekly,,sim_editor-publisher_1999-08-07_132_32
1999,Sportsbuff Features,Sportsbuff Crossword,Steve Ollove,weekly,"37.5x4.5""",sim_editor-publisher_1999-08-07_132_32
1999,Toronto Sun Syndicated Services (Canada),Cryptic Crossword,Michael Harris,,"Canadian; e-mail delivery; cryptic (out of scope, recorded only)",sim_editor-publisher_1999-08-07_132_32
1999,Tribune Media Services,Commuter Crossword,Wayne Robert Williams,six a week,29.5x51p,sim_editor-publisher_1999-08-07_132_32
1999,Tribune Media Services,Jumble Crosswords,David Hoyt,six a week,listed under Word Games,sim_editor-publisher_1999-08-07_132_32
1999,Tribune Media Services,Jumble Crosswords For Kids,David Hoyt,weekly,26x23.5 picas,sim_editor-publisher_1999-08-07_132_32
1999,Tribune Media Services,Jumble Crosswords For The Classroom,David Hoyt,,online delivery; listed under Word Games,sim_editor-publisher_1999-08-07_132_32
1999,Tribune Media Services,Sunday Jumble Crossword,David Hoyt,Sunday,76.17x25.83p / 36x35.92p / 21.25x51.42p,sim_editor-publisher_1999-08-07_132_32
1999,Tribune Media Services,The Daily Crossword,Wayne Robert Williams,six a week,"21x9""",sim_editor-publisher_1999-08-07_132_32
1999,Tribune Media Services,The Sunday Crossword,Wayne Robert Williams,Sunday,,sim_editor-publisher_1999-08-07_132_32
1999,Tribune Media Services,Theme Crossword Puzzles,,occasional,online delivery,sim_editor-publisher_1999-08-07_132_32
1999,Tribune Media Services,TV Crossword,Wayne Robert Williams,weekly / Sunday,"21x9""; also a separate unsigned ""TV Crossword"" (weekly, online) TMS line",sim_editor-publisher_1999-08-07_132_32
1999,United Feature Syndicate,Crossword Puzzler,Staff,six a week,"12x7""",sim_editor-publisher_1999-08-07_132_32
1999,United Feature Syndicate,Crucimania,"Luis Campos (printed ""Campos de Luis"")",six a week,"Spanish; 4.25"" wide x 11.25"" high",sim_editor-publisher_1999-08-07_132_32
1999,United Feature Syndicate,In Their Own Words,Don O'Briant,Sunday,"title index; United Media ad ""(S panel)""",sim_editor-publisher_1999-08-07_132_32
1999,United Feature Syndicate,Prizeweek Puzzle,Staff,weekly,"12x3.5""",sim_editor-publisher_1999-08-07_132_32
1999,United Feature Syndicate,Sunday Crossword Puzzler,Staff,Sunday,,sim_editor-publisher_1999-08-07_132_32
1999,United Feature Syndicate,Theme Crossword,Staff,weekly,,sim_editor-publisher_1999-08-07_132_32
1999,United Feature Syndicate,Today's Crossword,Staff,six a week,"12x10.5"" / 18x5.25""",sim_editor-publisher_1999-08-07_132_32
1999,United Feature Syndicate,Today's Sunday,Staff,Sunday,"12x10.5"" / 18x5.25""; United Media ad ""Today's Sunday Crossword""",sim_editor-publisher_1999-08-07_132_32
1999,United Feature Syndicate,TV Crosswords,Staff,weekly,"18x7""",sim_editor-publisher_1999-08-07_132_32
1999,Universal Press Syndicate,The Universal Crossword,Timothy Parker,seven a week / weekly,"UPS ads: daily, print or online",sim_editor-publisher_1999-08-07_132_32
1999,Universal Press Syndicate,Universal Crossword Entertainment Edition,Timothy Parker,weekly,display ad only,sim_editor-publisher_1999-08-07_132_32
1999,Universal Press Syndicate,Universal Crossword Sports Edition,Timothy Parker,,display ad only,sim_editor-publisher_1999-08-07_132_32
1999,Washington Post Writers Group,Crossword Puzzle,Washington Post Magazine,weekly,,sim_editor-publisher_1999-08-07_132_32
2000,American Crossword Federation,The Newsday Crossword,Stanley Newman,,title index; frequency not given there,sim_editor-publisher_2000-07-31_133_31
2000,American Publishing Corp,Crossword of Current Events,Douglas A. Cohn,,title index; frequency not given there,sim_editor-publisher_2000-07-31_133_31
2000,AP Newsfeatures,Crossword Puzzle,Doug Cooper,,title index; frequency not given there,sim_editor-publisher_2000-07-31_133_31
2000,Copley News Service,Crossword & Games,Various,,title index; frequency not given there,sim_editor-publisher_2000-07-31_133_31
2000,Copley News Service,Crossword Puzzle,Charles Preston,,title index; frequency not given there,sim_editor-publisher_2000-07-31_133_31
2000,Creators Syndicate,Newsday Crossword Puzzle,Stanley Newman,,title index; frequency not given there,sim_editor-publisher_2000-07-31_133_31
2000,Editor's Copy Syndicate (code EDC),Crossword,Staff,,title index; frequency not given there,sim_editor-publisher_2000-07-31_133_31
2000,King Features Syndicate,Crossword Puzzle with Cryptoquip,Eugene Sheffer,,title index; frequency not given there,sim_editor-publisher_2000-07-31_133_31
2000,King Features Syndicate,Crossword Puzzle with Cryptoquote,Thomas Joseph,,title index; frequency not given there,sim_editor-publisher_2000-07-31_133_31
2000,King Features Syndicate,Premier Crossword Puzzle with Cryptoquip,Donna Stone,Sunday,title index; frequency not given there,sim_editor-publisher_2000-07-31_133_31
2000,King Features Weekly Service,King Crossword,,weekly,KFS weekly-service display ad,sim_editor-publisher_2000-07-31_133_31
2000,King Features Weekly Service,Super Crossword,,weekly,KFS weekly-service display ad,sim_editor-publisher_2000-07-31_133_31
2000,Los Angeles Times Syndicate,Los Angeles Times Daily Crossword Puzzle,Staff,daily,"title index; frequency not given there; code OCR ""EATS""",sim_editor-publisher_2000-07-31_133_31
2000,Los Angeles Times Syndicate,Los Angeles Times Digital Crossword,,,title index; frequency not given there; online,sim_editor-publisher_2000-07-31_133_31
2000,Los Angeles Times Syndicate,Los Angeles Times Sunday Crossword Puzzle,Staff,Sunday,title index; frequency not given there,sim_editor-publisher_2000-07-31_133_31
2000,Los Angeles Times Syndicate,Observer Crossword,,,title index; frequency not given there,sim_editor-publisher_2000-07-31_133_31
2000,Los Angeles Times Syndicate,Quote-Acrostic,Charles Preston,,title index; frequency not given there; acrostic,sim_editor-publisher_2000-07-31_133_31
2000,Mark-Morgan Inc,Crossword,Agnes DeSatta,,title index; frequency not given there,sim_editor-publisher_2000-07-31_133_31
2000,Megalo Media,Crossword Puzzle,J. Baxter Newgate,,title index; frequency not given there,sim_editor-publisher_2000-07-31_133_31
2000,Miller Features Syndicate,Canadian Criss Cross,Walter Feener,,title index; frequency not given there,sim_editor-publisher_2000-07-31_133_31
2000,NEA (United Media),The Crossword Puzzle,Staff,six a week,"United Media ad lists ""Crossword Puzzle (6tw)""",sim_editor-publisher_2000-07-31_133_31
2000,New York Times Syndication,Crossword (Daily) Puzzles From The New York Times,Will Shortz,daily,title index; frequency not given there,sim_editor-publisher_2000-07-31_133_31
2000,New York Times Syndication,Crossword (Kids) From The New York Times Learning Network,,,title index; frequency not given there,sim_editor-publisher_2000-07-31_133_31
2000,New York Times Syndication,Crossword (Sunday) Puzzle From The New York Times,,Sunday,title index; frequency not given there,sim_editor-publisher_2000-07-31_133_31
2000,Puzzle Features Syndicate,Crossword Puzzles,Jackie Mathews,,"title index; frequency not given there; PFS ad ""ABSOLUTELY the finest in crosswords""",sim_editor-publisher_2000-07-31_133_31
2000,Scrambl-Gram Inc,Christian Crosswords,Chic Elum,,title index; frequency not given there,sim_editor-publisher_2000-07-31_133_31
2000,Scrambl-Gram Inc,Giant Crossword,Chic Elum,,title index; frequency not given there,sim_editor-publisher_2000-07-31_133_31
2000,Scrambl-Gram Inc,Kwik-Kross,Chic Elum,,title index; frequency not given there,sim_editor-publisher_2000-07-31_133_31
2000,Scrambl-Gram Inc,Soap Opera Crosswords,Chic Elum,,title index; frequency not given there,sim_editor-publisher_2000-07-31_133_31
2000,Sportsbuff Features,Sportsbuff Crossword,Steve Ollove,,title index; frequency not given there,sim_editor-publisher_2000-07-31_133_31
2000,Tribune Media Services,Commuter Crossword,Wayne Robert Williams,,title index; frequency not given there,sim_editor-publisher_2000-07-31_133_31
2000,Tribune Media Services,Jumble Crosswords,David Hoyt,,title index; frequency not given there,sim_editor-publisher_2000-07-31_133_31
2000,Tribune Media Services,Jumble Crosswords For Kids,David Hoyt,,title index; frequency not given there,sim_editor-publisher_2000-07-31_133_31
2000,Tribune Media Services,Sunday Jumble Crossword,David Hoyt,Sunday,title index; frequency not given there,sim_editor-publisher_2000-07-31_133_31
2000,Tribune Media Services,The Daily Crossword,Wayne Robert Williams,,title index; frequency not given there,sim_editor-publisher_2000-07-31_133_31
2000,Tribune Media Services,The Sunday Crossword,Wayne Robert Williams,Sunday,title index; frequency not given there,sim_editor-publisher_2000-07-31_133_31
2000,Tribune Media Services,TV Crossword,Wayne Robert Williams,,"title index; frequency not given there; also a separate unsigned ""TV Crossword"" TMS line",sim_editor-publisher_2000-07-31_133_31
2000,United Feature Syndicate,Crossword Puzzler,Staff,six a week,frequency from United Media ad,sim_editor-publisher_2000-07-31_133_31
2000,United Feature Syndicate,Crucimania (Spanish),,,United Media ad; Spanish,sim_editor-publisher_2000-07-31_133_31
2000,United Feature Syndicate,Sunday Crossword Puzzler,Staff,weekly (Sunday),frequency from United Media ad,sim_editor-publisher_2000-07-31_133_31
2000,United Feature Syndicate,Theme Crossword,Staff,weekly,frequency from United Media ad,sim_editor-publisher_2000-07-31_133_31
2000,United Feature Syndicate,Today's Crossword,Staff,six a week,frequency from United Media ad,sim_editor-publisher_2000-07-31_133_31
2000,United Feature Syndicate,Today's Sunday Crossword,Staff,weekly (Sunday),United Media ad,sim_editor-publisher_2000-07-31_133_31
2000,United Feature Syndicate,TV Crosswords,Staff,weekly,frequency from United Media ad,sim_editor-publisher_2000-07-31_133_31
2000,Universal Press Syndicate,The Universal Crossword,Timothy Parker,daily,"Universal display ads; also ""Interactive online crossword; weekly sports, biblical, music and entertainment editions""",sim_editor-publisher_2000-07-31_133_31
2000,Washington Post Writers Group,Crossword Puzzle,Washington Post Magazine,,title index; frequency not given there,sim_editor-publisher_2000-07-31_133_31
2000,Worldwide Media,Big One Crosswords,Stickley,,title index; frequency not given there,sim_editor-publisher_2000-07-31_133_31
2000,Worldwide Media,Colossal Crosswords,Whillier,,title index; frequency not given there,sim_editor-publisher_2000-07-31_133_31
2000,Worldwide Media,Conventional Crosswords,Whillier,,title index; frequency not given there,sim_editor-publisher_2000-07-31_133_31
2000,Worldwide Media,Crosswords-Large,Calvin Mathews / Jackie Mathews,,title index; frequency not given there,sim_editor-publisher_2000-07-31_133_31
2000,Worldwide Media,Crosswords-Small,Calvin Mathews / Jackie Mathews,,title index; frequency not given there,sim_editor-publisher_2000-07-31_133_31
2000,Worldwide Media,Cryptic Crosswords,Whillier,,"title index; frequency not given there; cryptic (out of scope, recorded only)",sim_editor-publisher_2000-07-31_133_31
2000,Worldwide Media,Daily Crosswords,Whillier,daily?,title index; frequency not given there,sim_editor-publisher_2000-07-31_133_31
2000,Worldwide Media,Giant Crosswords,Jessop,,title index; frequency not given there,sim_editor-publisher_2000-07-31_133_31
2000,Worldwide Media,Gold Star Crosswords,Foley,,title index; frequency not given there,sim_editor-publisher_2000-07-31_133_31
2000,Worldwide Media,Hard & Easy Crosswords,Whillier,,title index; frequency not given there,sim_editor-publisher_2000-07-31_133_31
2000,Worldwide Media,Leisuretime Crosswords,Whillier,,title index; frequency not given there,sim_editor-publisher_2000-07-31_133_31
2000,Worldwide Media,National Crosswords,Whillier,,title index; frequency not given there,sim_editor-publisher_2000-07-31_133_31
2000,Worldwide Media,Picture Crosswords,Walt Trag / Jim Gilbert,,title index; frequency not given there,sim_editor-publisher_2000-07-31_133_31
2000,Worldwide Media,QuaWord Crosswords,Whillier,,title index; frequency not given there; title OCR uncertain,sim_editor-publisher_2000-07-31_133_31
2000,Worldwide Media,Quick Crosswords,Jessop,,title index; frequency not given there,sim_editor-publisher_2000-07-31_133_31
2000,Worldwide Media,QuizTime Crosswords,Whillier,,title index; frequency not given there,sim_editor-publisher_2000-07-31_133_31
2000,Worldwide Media,Sports Crosswords,Anthony Powell,,title index; frequency not given there,sim_editor-publisher_2000-07-31_133_31
2000,Worldwide Media,Tusslewords Crosswords,Jessop,,title index; frequency not given there,sim_editor-publisher_2000-07-31_133_31
2000,Worldwide Media,TV Crosswords,Whillier,,title index; frequency not given there,sim_editor-publisher_2000-07-31_133_31
2000,Worldwide Media,Two-Speed Crosswords,Jessop,,"title index; frequency not given there; title OCR ""Two-Speeit""",sim_editor-publisher_2000-07-31_133_31
